CATEGORIA,CARACTERISTICA,indicaciones para el dodificador,Estado 1,certeza: 1: los datos no son conclusivos; 2: los datos son conclusivos,REFERENCIA,Comentarios,Estado 2,certeza: 1: los datos no son conclusivos; 2: los datos son conclusivos,REFERENCIA,Comentarios
SISTEMA PRONOMINAL,"Número de distinciones formales (léxicas/morfológicas) en la primera persona (género, número, inclusivo-exclusivo, etc.)","contar el número total de formas pronominales correspondientes (no contar las variaciones de caso asociadas a los pronombres) y codificar un número natural. Si no existe ninguna forma, indicar 0 y dejar la columna de certeza en blanco",3,1,Salzmann (1963:134),"Singular, plural excl y plural incl.Se consignan las formas ligadas presentadas en el afijario de la descripción. La variación interna de cada una de las formas en función a la semántica del verbo es sumamente confusa: no permite una sistematización clara. Además, muchas de estas variaciones se deben a la función gramatical que cumplen.",4,2,Cowell (2008:76),El arapaho no presenta formas libres. El primer dígito corresponde a las formas sufijadas a los verbos animados intransitivos. El número de los paréntesis corresponde a las formas  sufijadas a los verbos inanimados transitivos. Los verbos animados trnasitivos utilizan morfemas de transición. 
SISTEMA PRONOMINAL,"Número de distinciones formales (léxicas/morfológicas) en la segunda persona (género, número, politeness, etc.)","contar el número total de formas pronominales correspondientes (no contar las variaciones de caso asociadas a los pronombres) y codificar un número natural. Si no existe ninguna forma, indicar 0 y dejar la columna de certeza en blanco",2,1,Salzmann (1963:134),Singular y plural. Formas ligadas.La lengua no presenta pronombres libres. ,2,2,Cowell (2008:76),El arapaho no presenta formas libres. El primer dígito corresponde a las formas sufijadas a los verbos animados intransitivos. El número de los paréntesis corresponde a las formas  sufijadas a los verbos inanimados transitivos. Los verbos animados trnasitivos utilizan morfemas de transición. 
SISTEMA PRONOMINAL,"Número de distinciones formales (léxicas/morfológicas) en la tercera persona (género, número, obviativo-proximativo, etc.)","contar el número total de formas pronominales correspondientes (no contar las variaciones de caso asociadas a los pronombres) y codificar un número natural. Si no existe ninguna forma, indicar 0 y dejar la columna de certeza en blanco",2,1,Salzmann (1963:134),Singular y pluralLa lengua no presenta pronombres libres. ,4,2,Cowell (2008:76),"Se incluyen, además de lo mencionado para las dos primeras personas, las formas de la tercera persona obviativa luego de la barra angulada. "
CATEGORÍAS NOMINALES,Número total de casos gramaticales,"Si la lengua tiene una categoría de caso, consignar el número total de casos nominales listados en la gramatica como un número natural. Comprende casos nucleares y oblicuos, si la ausencia de caso tiene una interpretación (caso no marcado) se cuenta. Si la lengua no tiene caso nominal, indicar 0 y dejar en blanco la columna de certeza",2,1,Salzmann (1963:68),Locativo y vocativo.,4,2,Cowell (2008:511),"Locativo, obviativo, posesivo y locativo. Se  marcan conpreposiciones ylibres. "
CATEGORÍAS NOMINALES,Número total de demostrativos espaciales,"Si la lengua tiene demostrativos espaciales, deicticos, consignar el número total de demostrativos espaciales listados en la gramatica como un número natural. Si la lengua no tiene demostrativos espaciales, indicar 0 y dejar en blanco la columna de certeza",3,2,Salzmann (1963:68),,3,2,Cowell (2008:306-307,"Tres demostrativos. Sin embargo, los deícticos conforman una clase abierta."
CATEGORÍAS NOMINALES,Existe evidencia de clasificadores numerales,Sí = 1 ; No = 0,1,2,Salzmann (1963:77),,1,2,Cowell (2008:354),
CATEGORÍAS NOMINALES,Existe evidencia de clasificadores genitivos,Sí = 1 ; No = 0,0,,,,0,,,
CATEGORÍAS NOMINALES,Existe evidencia de clases nominales / géneros,Sí = 1 ; No = 0,1,2,Salzmann (1963:29),Animado vs Inanimado,1,2,,Animado vs Inanimado
CATEGORÍAS NOMINALES,La lengua distingue morfológicamente instrumental de comitativo,Sí = 1 ; No = 0,,,,"Falta de datos, Posiblemente si exista la distinción.",1,2,Cowell (2008:354),
CATEGORÍAS NOMINALES,La lengua distingue morfológicamente posesion alienable de posesion inalienable,Sí = 1 ; No = 0,,,,,0,,,
CATEGORÍAS NOMINALES,La lengua distingue morfológicamente locativo (en) de direccional (a/hacia),Sí = 1 ; No = 0,,,,,1,2,Cowell (2008:214),
CATEGORÍAS NOMINALES,La lengua distingue morfológicamente locativo espacial de locativo temporal,Sí = 1 ; No = 0,1,1,Salzmann (1963:158),"El locativo general se marca con una forma ligada. Sin embargo, existe una partícula libre glosada como 'now' que parece cumplir la función de locativo temporal.",1,2,Cowell (2008:217),
CATEGORÍAS NOMINALES,La lengua distingue morfológicamente los dos objetos de una construccion ditransitiva,Sí = 1 ; No = 0,,,,,,,,
RELACIONES GRAMATICALES,"La lengua marca las funciones gramaticales de las FN (S, A, P) mediante caso",Sí = 1 ; No = 0,,2,,,0,2,,
RELACIONES GRAMATICALES,"La lengua marca las funciones gramaticales de las FN (S, A, P) mediante marcas en el verbo",Sí = 1 ; No = 0,1,2,Salzmann (1963:92),,1,2,,
RELACIONES GRAMATICALES,"La lengua marca las funciones gramaticales de las FN (S, A, P) mediante orden de palabras",Sí = 1 ; No = 0,,2,,,0,2,,
RELACIONES GRAMATICALES,Los pronombres muestran un alineamiento de tipo…,"Si la lengua tiene caso, consignar el alineamiento de caso de los pronombres. Jerárquico: marcación de objeto y sujeto basados en la jerarquía de persona 1 > 2 > 3. Si la lengua no tiene caso nominal, indicar 0 y dejar en blanco la columna de certeza.",,,,La lengua no presenta pronombres.,0,,,La lengua no presenta pronombres.
RELACIONES GRAMATICALES,Los nombres muestran un alineamiento de tipo…,"Si la lengua tiene caso, consignar el alineamiento de caso de los nombres. Jerárquico: marcación de objeto y sujeto basados en la jerarquía de persona 1 > 2 > 3. Si la lengua no tiene caso nominal, indicar 0 y dejar en blanco la columna de certeza.",ergativo-absolutivo,1,Salzmann (1963:92),"La lengua codifica las funciones s¿de S, A y P en el verbo. En ese sentido no sería muy  preciso decir que los nombres presentan un alineamiento de tipo ergativo: lo que ocurre es que las marcas de concordancia en el verbo para S y P son idénticas en oposición a la marca de A solo para el caso de los nombres inanimados. En el caso de los animados se encuentra un alineamiento neutro: todas las formas son idénticas.",Jerárquico,1,Este alineamiento jerárquico se da únicamente para los nombres transitivos animados. Los Transitivos inanimados solo marcan los argumentos con sufijos de trancisión que no presentan correspondencia con las formas intransitivas. ,Las relaciones gramaticales se marcan en el nombre
CATEGORÍAS VERBALES,Número de marcas morfológicas de tiempo y aspecto,"Consignar el número total de marcadores de tiempo y aspecto en la lengua y consignar un número natural. Si la lengua no tiene estos marcadores, entonces consignar 0 y dejar en blanco la columna de certeza",3,1,Salzmann (1963:134),"Pasado narrativo, futuro.",5,2,Cowell (2008:265),Tres de tiempo y dos de aspecto: perfectivo e imperfectivo. 
CATEGORÍAS VERBALES,Número de marcas morfológicas de evidencialidad ,"Consignar el número total de marcadores de evidencialidad en la lengua y consignar un número natural. Si la lengua no tiene estos marcadores, entonces consignar 0 y dejar en blanco la columna de certeza",0,,,,0,2,Cowell (2008:93),
CATEGORÍAS VERBALES,El interrogativo se distingue del declarativo mediante,"Indicar si existe una distinción formal entre oraciones indicativas/declarativas e interrogativas a partir de elementos morfológicos, prosódicos o ambos",1,2,Salzmann (1963:111),,1,2,Cowell (2008:107),
CATEGORÍAS VERBALES,Existen causativos morfológicos,Sí = 1 ; No = 0,1,1,Salzmann (1963:132),,1,2,Cowell (2008:156),
FONOLOGÍA,número de tonemas en la lengua (si la lengua tiene un rasgo de tono),"Consignar el número total de tonemas en la lengua con un número natural. Si la lengua no tiene tono, consignar 0 y dejar la columna de certeza en blanco",0,,,,0,,,
FONOLOGÍA,número total de consonantes,Consignar el número total de consonantes en la lengua con un número natural. ,12,2,Salzmann (1963:9),,12,2,Cowell (2008:14),
FONOLOGÍA,número total de vocales,Consignar el número total de vocales en la lengua con un número natural. ,4,2,Salzmann (1963:12),,4,2,Cowell (2008:14),Hay realizaciones breves y largas.
FONOLOGÍA,número de vocales nasales,"Consignar el número total de vocales nasales en la lengua con un número natural. Si la lengua no tiene vocales nasales, consignar 0 y dejar la columna de certeza en blanco",0,,,,0,,,
ORDEN DE PALABRAS,orden relativo entre el adjetivo y el nombre en la frase nominal,"Indicar el orden relativo del nombre y el adjetivo dentro de una frase nominal, seleccionando una de las opciones en la lista despegable",Adj N ,1,,Injferencia a partir de ejemplos,Adj N ,2,Cowell (2008:324),
ORDEN DE PALABRAS,orden relativo entre el modificador genitivo y el nombre en la frase nominal,"Indicar el orden relativo del nombre y el modificador genitivo dentro de una frase nominal, seleccionando una de las opciones de la lista desplegable",GEN N ,2,Salzmann (1963:157),,GEN N ,2,Cowell (2008:60),
ORDEN DE PALABRAS,orden básico de palabras en la lengua,"Indicar el tipo de orden básico de constituyentes en oraciones declarativas a partir de la lista de opciones ofrecidas. ""no hay orden básico puede registrarse para los casos en los que se indica orden flexible o prágmáticamente orientado",no hay orden básico,1,,Inferencia a partir de ejemplos.,no hay orden básico,2,Cowell (2008:408),El orden parece estar en función a la saliencia pragmática de cada uno de los constituyentes. 
CONCORDANCIA,existe evidencia de concordancia entre el verbo y alguno de sus argumentos,Sí = 1 ; No = 0,1,1,Salzmann (1963:92),,1,2,Cowell (2008:59),
CONCORDANCIA,existe evidencia de concordancia entre el nombre y su adjetivo,Sí = 1 ; No = 0,0,1,,Datos insuficientes.,1,1,,La lengua no presenta adjetivos. 
