CATEGORIA,CARACTERISTICA,indicaciones para el dodificador,Estado 1,certeza: 1: los datos no son conclusivos; 2: los datos son conclusivos,REFERENCIA,Comentarios,Estado 2,certeza: 1: los datos no son conclusivos; 2: los datos son conclusivos,REFERENCIA,Comentarios
SISTEMA PRONOMINAL,"Número de distinciones formales (léxicas/morfológicas) en la primera persona (género, número, inclusivo-exclusivo, etc.)","contar el número total de formas pronominales correspondientes (no contar las variaciones de caso asociadas a los pronombres) y codificar un número natural. Si no existe ninguna forma, indicar 0 y dejar la columna de certeza en blanco",2,1,Koch-Grünberg 1908: 969,no informa sobre inclusivo/exclusivo,3,1,Moreno 2000: 174,Da exclusivo/inclusivo; pero ninguna forma para 2pl
SISTEMA PRONOMINAL,"Número de distinciones formales (léxicas/morfológicas) en la segunda persona (género, número, politeness, etc.)","contar el número total de formas pronominales correspondientes (no contar las variaciones de caso asociadas a los pronombres) y codificar un número natural. Si no existe ninguna forma, indicar 0 y dejar la columna de certeza en blanco",2,1,Koch-Grünberg 1908: 969,,1,1,Moreno 2000: 174,"Las formas de 2pl de Koch-Grünberg y de 1excl. tienen cierta correspondencia, probablemente la misma forma"
SISTEMA PRONOMINAL,"Número de distinciones formales (léxicas/morfológicas) en la tercera persona (género, número, obviativo-proximativo, etc.)","contar el número total de formas pronominales correspondientes (no contar las variaciones de caso asociadas a los pronombres) y codificar un número natural. Si no existe ninguna forma, indicar 0 y dejar la columna de certeza en blanco",2,2,Koch-Grünberg 1908: 969,,2,2,Moreno 2000: 174,
CATEGORÍAS NOMINALES,Número total de casos gramaticales,"Si la lengua tiene una categoría de caso, consignar el número total de casos nominales listados en la gramatica como un número natural. Comprende casos nucleares y oblicuos, si la ausencia de caso tiene una interpretación (caso no marcado) se cuenta. Si la lengua no tiene caso nominal, indicar 0 y dejar en blanco la columna de certeza",0,1,Koch-Grünberg 1908:959,"“No hay caso” - pero da una lista de oblicuos postposicionales; probablemente no ligados, pero tal vez algunos de ellos; no se sabe",2,2,Moreno 2000: 175,only dative and comitative as bound forms: “Las demás postposiciones parecen no participar de la prefija­ción de morfemas de persona. “
CATEGORÍAS NOMINALES,Número total de demostrativos espaciales,"Si la lengua tiene demostrativos espaciales, deicticos, consignar el número total de demostrativos espaciales listados en la gramatica como un número natural. Si la lengua no tiene demostrativos espaciales, indicar 0 y dejar en blanco la columna de certeza",2,2,Koch-Grünberg 1908:972,,,,no se comenta,
CATEGORÍAS NOMINALES,Existe evidencia de clasificadores numerales,Sí = 1 ; No = 0,0,2,,,0,2,,
CATEGORÍAS NOMINALES,Existe evidencia de clasificadores genitivos,Sí = 1 ; No = 0,0,2,,no hay marca de possession,0,1,,
CATEGORÍAS NOMINALES,Existe evidencia de clases nominales / géneros,Sí = 1 ; No = 0,1,1,Koch-Grünberg 1908:957,“no hay evidencia de genéro” pero da varios ejemplos de clasificadores nominales; possibly compounds?,1,1,Moreno 2000: 174,"“ Los procesos
gramaticales propios del nombre son los de determinación. La
determinación permite a un nombre modificar su referencia; puede
así remitir a la generalidad la clase de las entidades que denota,
hasta llegar a referir a una sola entidad dentro de la clase.”"
CATEGORÍAS NOMINALES,La lengua distingue morfológicamente instrumental de comitativo,Sí = 1 ; No = 0,1,2,Koch-Grünberg 1908:961,"Comitativo: -mate
Instrumental: -ke",1,2,Moreno 2000: 175,
CATEGORÍAS NOMINALES,La lengua distingue morfológicamente posesion alienable de posesion inalienable,Sí = 1 ; No = 0,1,2,Koch-Grünberg 1908:970,“a punto de perderse”,1,2,Moreno 2000: 175,"pues, no se perdió"
CATEGORÍAS NOMINALES,La lengua distingue morfológicamente locativo (en) de direccional (a/hacia),Sí = 1 ; No = 0,1,2,Koch-Grünberg 1908:959,,1,2,Moreno 2000: 175,
CATEGORÍAS NOMINALES,La lengua distingue morfológicamente locativo espacial de locativo temporal,Sí = 1 ; No = 0,,,,no se menciona locativo temporal,,,no se comenta,
CATEGORÍAS NOMINALES,La lengua distingue morfológicamente los dos objetos de una construccion ditransitiva,Sí = 1 ; No = 0,1,2,Koch-Grünberg 1908:960,postpositions for beneficiary,1,2,Moreno 2000: 175,dative (-dza)
RELACIONES GRAMATICALES,"La lengua marca las funciones gramaticales de las FN (S, A, P) mediante caso",Sí = 1 ; No = 0,0,2,Koch-Grünberg 1908:955,no hay marca de caso,0,2,Moreno 2000: 173,
RELACIONES GRAMATICALES,"La lengua marca las funciones gramaticales de las FN (S, A, P) mediante marcas en el verbo",Sí = 1 ; No = 0,1,2,Koch-Grünberg 1908:976,Ergativo,1,2,Moreno 2000: 173,Switch to Nom-Acc in most persons
RELACIONES GRAMATICALES,"La lengua marca las funciones gramaticales de las FN (S, A, P) mediante orden de palabras",Sí = 1 ; No = 0,0,2,Koch-Grünberg 1908:955,cross-referencing,0,2,Moreno 2000: 175,OV como órden básico
RELACIONES GRAMATICALES,Los pronombres muestran un alineamiento de tipo…,"Si la lengua tiene caso, consignar el alineamiento de caso de los pronombres. Jerárquico: marcación de objeto y sujeto basados en la jerarquía de persona 1 > 2 > 3. Si la lengua no tiene caso nominal, indicar 0 y dejar en blanco la columna de certeza.",neutro,2,Koch-Grünberg 1908:976,only cross-referencing,neutro,2,Moreno 2000: 173,same form for both Nom-Acc
RELACIONES GRAMATICALES,Los nombres muestran un alineamiento de tipo…,"Si la lengua tiene caso, consignar el alineamiento de caso de los nombres. Jerárquico: marcación de objeto y sujeto basados en la jerarquía de persona 1 > 2 > 3. Si la lengua no tiene caso nominal, indicar 0 y dejar en blanco la columna de certeza.",neutro,2,Koch-Grünberg 1908:976,erg-abs lost on the verbal marking,neutro,2,Moreno 2000: 173,only marked on verb
CATEGORÍAS VERBALES,Número de marcas morfológicas de tiempo y aspecto,"Consignar el número total de marcadores de tiempo y aspecto en la lengua y consignar un número natural. Si la lengua no tiene estos marcadores, entonces consignar 0 y dejar en blanco la columna de certeza",6,2,Koch-Grünberg 1908:973,"-he, -ta, -ka, -ne, -i, t...-se ",6,2,Moreno 2000: 177,no holistic list but additional cases (those of Koch-Grünberg) in appendix text
CATEGORÍAS VERBALES,Número de marcas morfológicas de evidencialidad ,"Consignar el número total de marcadores de evidencialidad en la lengua y consignar un número natural. Si la lengua no tiene estos marcadores, entonces consignar 0 y dejar en blanco la columna de certeza",0,,no se habla de evidencialidad,,0,,no se habla de evidencialidad,
CATEGORÍAS VERBALES,El interrogativo se distingue del declarativo mediante,"Indicar si existe una distinción formal entre oraciones indicativas/declarativas e interrogativas a partir de elementos morfológicos, prosódicos o ambos",,,no se habla de interrogación,,,,no se habla de interrogación,
CATEGORÍAS VERBALES,Existen causativos morfológicos,Sí = 1 ; No = 0,0,,ningun comentario,,1,2,Moreno 2000: 174,existen dos
FONOLOGÍA,número de tonemas en la lengua (si la lengua tiene un rasgo de tono),"Consignar el número total de tonemas en la lengua con un número natural. Si la lengua no tiene tono, consignar 0 y dejar la columna de certeza en blanco",0,,ningun comentario,,0,,ningun comentario,
FONOLOGÍA,número total de consonantes,Consignar el número total de consonantes en la lengua con un número natural. ,20,1,Koch-Grünberg 1908:90,18 + 2 glides,14,2,Moreno 2000: 172,"/ d / desaparecida, para otros da reglas fonológicas, no son “distinctive features”"
FONOLOGÍA,número total de vocales,Consignar el número total de vocales en la lengua con un número natural. ,13,1,Koch-Grünberg 1908:89,counting nasal vowels,7,2,Moreno 2000: 172,Da reglas fonológicas que explican la diferencia and attests phonological stability of Carijona (expect for / d/)
FONOLOGÍA,número de vocales nasales,"Consignar el número total de vocales nasales en la lengua con un número natural. Si la lengua no tiene vocales nasales, consignar 0 y dejar la columna de certeza en blanco",5,2,Koch-Grünberg 1908:89,“las nasalizaciones son escasaz”,0,1,Moreno 2000: 172,no menciona nasalización
ORDEN DE PALABRAS,orden relativo entre el adjetivo y el nombre en la frase nominal,"Indicar el orden relativo del nombre y el adjetivo dentro de una frase nominal, seleccionando una de las opciones en la lista despegable",Adj N ,2,Koch-Grünberg 1908:958,,,,,not discussed and no examples
ORDEN DE PALABRAS,orden relativo entre el modificador genitivo y el nombre en la frase nominal,"Indicar el orden relativo del nombre y el modificador genitivo dentro de una frase nominal, seleccionando una de las opciones de la lista desplegable",GEN N ,2,Koch-Grünberg 1908:955,"Sin marca, pero es “Modificador – Head”",,,,ningun comentario
ORDEN DE PALABRAS,orden básico de palabras en la lengua,"Indicar el tipo de orden básico de constituyentes en oraciones declarativas a partir de la lista de opciones ofrecidas. ""no hay orden básico puede registrarse para los casos en los que se indica orden flexible o prágmáticamente orientado",SOV ,2,Koch-Grünberg 1908:955,"SOV, sometimes OVS",SOV ,2,Moreno 2000: 174,"OV at the center of typology in this language, Subject can vary to some degree"
CATEGORÍAS VERBALES,existe evidencia de concordancia entre el verbo y alguno de sus argumentos ,Sí = 1 ; No = 0,1,2,Koch-Grünberg 1908:973,,1,2,Moreno 2000: 173,
CATEGORÍAS NOMINALES,existe evidencia de concordancia entre el nombre y su adjetivo,Sí = 1 ; No = 0,,,,no Adj-N constructions with plural,,,,no adjectives mentioned in text
