CATEGORIA,CARACTERISTICA,indicaciones para el dodificador,Estado 1,certeza: 1: los datos no son conclusivos; 2: los datos son conclusivos,REFERENCIA,Comentarios,Estado 2,certeza: 1: los datos no son conclusivos; 2: los datos son conclusivos,REFERENCIA,Comentarios
SISTEMA PRONOMINAL,"Número de distinciones formales (léxicas/morfológicas) en la primera persona (género, número, inclusivo-exclusivo, etc.)","contar el número total de formas pronominales correspondientes (no contar las variaciones de caso asociadas a los pronombres) y codificar un número natural. Si no existe ninguna forma, indicar 0 y dejar la columna de certeza en blanco",2,1,Waterhause (1967:357),"El autor sostiene que en cuanto a la primera persona plural, la presencia de ese pronombre codifica exclusión mientras que su ausencia codifica inclusión. ",4,2,O'connor (2004:46),Se marcan dos formas por cada persona (tanto singular como plural): una agentiva y otra pacientiva. 
SISTEMA PRONOMINAL,"Número de distinciones formales (léxicas/morfológicas) en la segunda persona (género, número, politeness, etc.)","contar el número total de formas pronominales correspondientes (no contar las variaciones de caso asociadas a los pronombres) y codificar un número natural. Si no existe ninguna forma, indicar 0 y dejar la columna de certeza en blanco",2,1,Waterhause (1967:357),Singular y plural.,4,2,O'connor (2004:46),Se marcan dos formas por cada persona (tanto singular como plural): una agentiva y otra pacientiva. 
SISTEMA PRONOMINAL,"Número de distinciones formales (léxicas/morfológicas) en la tercera persona (género, número, obviativo-proximativo, etc.)","contar el número total de formas pronominales correspondientes (no contar las variaciones de caso asociadas a los pronombres) y codificar un número natural. Si no existe ninguna forma, indicar 0 y dejar la columna de certeza en blanco",0,,Waterhause (1967:357),La tercera persona se codifica con deícticos tanto singulares como plulrales. ,0,2,O'connor (2004:46),No haya marcas pronominales de tercera persona. 
CATEGORÍAS NOMINALES,Número total de casos gramaticales,"Si la lengua tiene una categoría de caso, consignar el número total de casos nominales listados en la gramatica como un número natural. Comprende casos nucleares y oblicuos, si la ausencia de caso tiene una interpretación (caso no marcado) se cuenta. Si la lengua no tiene caso nominal, indicar 0 y dejar en blanco la columna de certeza",0,,Waterhause (1967:356-358),,0,,O'connor (2004:98),No hay marcación de caso.
CATEGORÍAS NOMINALES,Número total de demostrativos espaciales,"Si la lengua tiene demostrativos espaciales, deicticos, consignar el número total de demostrativos espaciales listados en la gramatica como un número natural. Si la lengua no tiene demostrativos espaciales, indicar 0 y dejar en blanco la columna de certeza",8,1,Waterhause (1967:357),Se consigna a los deícticos como compuestos por dos partes. Aparentan ser cicunfijos. Estos deícticos tienen funciones pronominales. ,8,1,O'connor (2004:68),"Según la autora, los demostrativos forman parte del inventario de clíticos. "
CATEGORÍAS NOMINALES,Existe evidencia de clasificadores numerales,Sí = 1 ; No = 0,1,1,Waterhause (1967:357-358),,1,2,O'connor (2004:43),"Se consignan diversas estrategias pluralizadoras: infijación, acento, sufijación, etc. "
CATEGORÍAS NOMINALES,Existe evidencia de clasificadores genitivos,Sí = 1 ; No = 0,0,1,,,0,1,,
CATEGORÍAS NOMINALES,Existe evidencia de clases nominales / géneros,Sí = 1 ; No = 0,0,1,,,0,1,,"El género suele ser léxico. A veces se usan los lexemas""hombre"" y ""mujer"" para especificar género pero no existe un mrofema dedicado a femenino, masculino o neutro. "
CATEGORÍAS NOMINALES,La lengua distingue morfológicamente instrumental de comitativo,Sí = 1 ; No = 0,,,,,,,,
CATEGORÍAS NOMINALES,La lengua distingue morfológicamente posesion alienable de posesion inalienable,Sí = 1 ; No = 0,0,1,Waterhause (1967:357),,0,2,O'connor (2004:40),
CATEGORÍAS NOMINALES,La lengua distingue morfológicamente locativo (en) de direccional (a/hacia),Sí = 1 ; No = 0,1,1,Waterhause (1967:359),,1,2,O'connor (2004:64),
CATEGORÍAS NOMINALES,La lengua distingue morfológicamente locativo espacial de locativo temporal,Sí = 1 ; No = 0,1,1,Waterhause (1967:358),,1,2,O'connor (2004:68),
CATEGORÍAS NOMINALES,La lengua distingue morfológicamente los dos objetos de una construccion ditransitiva,Sí = 1 ; No = 0,,,,,0,1,O'connor (2004:47),
RELACIONES GRAMATICALES,"La lengua marca las funciones gramaticales de las FN (S, A, P) mediante caso",Sí = 1 ; No = 0,,,,,,,,
RELACIONES GRAMATICALES,"La lengua marca las funciones gramaticales de las FN (S, A, P) mediante marcas en el verbo",Sí = 1 ; No = 0,1,,Waterhause (1967:354),,,,,
RELACIONES GRAMATICALES,"La lengua marca las funciones gramaticales de las FN (S, A, P) mediante orden de palabras",Sí = 1 ; No = 0,,,,,0,,,El orden de palabras es libre. 
RELACIONES GRAMATICALES,Los pronombres muestran un alineamiento de tipo…,"Si la lengua tiene caso, consignar el alineamiento de caso de los pronombres. Jerárquico: marcación de objeto y sujeto basados en la jerarquía de persona 1 > 2 > 3. Si la lengua no tiene caso nominal, indicar 0 y dejar en blanco la columna de certeza.",nominativo-acusativo,1,Waterhause (1967:354),,activo-inactivo,2,O'connor (2004:74),"Según la autora, el contraste entre acción-inacción (agentivo/pacientivo) da forma a la gramática y su diferenciación codifica a los participantes de la cláusula. "
RELACIONES GRAMATICALES,Los nombres muestran un alineamiento de tipo…,"Si la lengua tiene caso, consignar el alineamiento de caso de los nombres. Jerárquico: marcación de objeto y sujeto basados en la jerarquía de persona 1 > 2 > 3. Si la lengua no tiene caso nominal, indicar 0 y dejar en blanco la columna de certeza.",nominativo-acusativo,1,Waterhause (1967:354),"Si bien no se marcan los core cases ni los oblicuos, en la página referida, el autor sostiene que los verbos intransitivos ""no marcan agente"" mientras que los transitivos ""no marcan el sujeto pero si amrcan el objeto""",activo-inactivo,,,
CATEGORÍAS VERBALES,Número de marcas morfológicas de tiempo y aspecto,"Consignar el número total de marcadores de tiempo y aspecto en la lengua y consignar un número natural. Si la lengua no tiene estos marcadores, entonces consignar 0 y dejar en blanco la columna de certeza",6,1,Waterhause (1967:356),6 aspectuales. No se consigna tiempo.,13,2,O'connor (2004:51-53),"5 clases de aspecto, 4 con dos morfemas cada una (sing vs pl). El estativo presenta cinco marcas diferentes. No existen marcadores de tiempo. Dicha categoría se codifica adverbialmente. "
CATEGORÍAS VERBALES,Número de marcas morfológicas de evidencialidad ,"Consignar el número total de marcadores de evidencialidad en la lengua y consignar un número natural. Si la lengua no tiene estos marcadores, entonces consignar 0 y dejar en blanco la columna de certeza",0,1,Waterhause (1967:356),No se consignan,1,1,O'connor (2004:82),"No existen formas dedicadas específicamente a la evidencialidad. Sin embargo, la lengua utiliza los verbos auxiliares en primera persona del perfectivo para codificar certeza de la información brindada. "
CATEGORÍAS VERBALES,El interrogativo se distingue del declarativo mediante,"Indicar si existe una distinción formal entre oraciones indicativas/declarativas e interrogativas a partir de elementos morfológicos, prosódicos o ambos",1,1,Waterhause (1967:361),Morfológicamente.,0,1,O'connor (2004:88),Las formas funcionan como bases: palabras interrogativas. 
CATEGORÍAS VERBALES,Existen causativos morfológicos,Sí = 1 ; No = 0,0,1,Waterhause (1967:361),Léxicamente,1,2,O'connor (2004:55-56),
FONOLOGÍA,número de tonemas en la lengua (si la lengua tiene un rasgo de tono),"Consignar el número total de tonemas en la lengua con un número natural. Si la lengua no tiene tono, consignar 0 y dejar la columna de certeza en blanco",2,1,Waterhause (1967:352),,0,1,O'connor (2004:35-37),
FONOLOGÍA,número total de consonantes,Consignar el número total de consonantes en la lengua con un número natural. ,35,2,Waterhause (1967:351),,42,2,O'connor (2004:35-36),La autora considera variaciones dialectales. La descripción anterior es de solo una variedad.
FONOLOGÍA,número total de vocales,Consignar el número total de vocales en la lengua con un número natural. ,5,2,Waterhause (1967:351),,5,2,O'connor (2004:35-36),La autora considera vocales largas pero no les asigna valor fonológico.
FONOLOGÍA,número de vocales nasales,"Consignar el número total de vocales nasales en la lengua con un número natural. Si la lengua no tiene vocales nasales, consignar 0 y dejar la columna de certeza en blanco",0,2,Waterhause (1967:351),,0,2,O'connor (2004:35-36),
ORDEN DE PALABRAS,orden relativo entre el adjetivo y el nombre en la frase nominal,"Indicar el orden relativo del nombre y el adjetivo dentro de una frase nominal, seleccionando una de las opciones en la lista despegable",ambos,1,,,Adj N ,2,O'connor (2004:71),"Adjectives ""usually"" precede the modified noun."
ORDEN DE PALABRAS,orden relativo entre el modificador genitivo y el nombre en la frase nominal,"Indicar el orden relativo del nombre y el modificador genitivo dentro de una frase nominal, seleccionando una de las opciones de la lista desplegable",GEN N ,1,Waterhause (1967:357),,GEN N ,2,O'connor (2004:57),
ORDEN DE PALABRAS,orden básico de palabras en la lengua,"Indicar el tipo de orden básico de constituyentes en oraciones declarativas a partir de la lista de opciones ofrecidas. ""no hay orden básico puede registrarse para los casos en los que se indica orden flexible o prágmáticamente orientado",no hay orden básico,2,Waterhause (1967:357),,no hay orden básico,2,O'connor (2004:1),
CONCORDANCIA,existe evidencia de concordancia entre el verbo y alguno de sus argumentos,Sí = 1 ; No = 0,1,1,Waterhause (1967:355),El verbo puede llevar marca de objeto indirecto. ,1,2,O'connor (2004:71),
CONCORDANCIA,existe evidencia de concordancia entre el nombre y su adjetivo,Sí = 1 ; No = 0,0,1,,,0,2,O'connor (2004:72),
