CATEGORIA,CARACTERISTICA,indicaciones para el dodificador,Estado 1,certeza: 1: los datos no son conclusivos; 2: los datos son conclusivos,REFERENCIA,Comentarios,Estado 2,certeza: 1: los datos no son conclusivos; 2: los datos son conclusivos,REFERENCIA,Comentarios
SISTEMA PRONOMINAL,"Número de distinciones formales (léxicas/morfológicas) en la primera persona (género, número, inclusivo-exclusivo, etc.)","contar el número total de formas pronominales correspondientes (no contar las variaciones de caso asociadas a los pronombres) y codificar un número natural. Si no existe ninguna forma, indicar 0 y dejar la columna de certeza en blanco",2,2,Macalister 1914:20,Phrasal form for incl/excl (p. 22),2,2,Matras 2012:214,
SISTEMA PRONOMINAL,"Número de distinciones formales (léxicas/morfológicas) en la segunda persona (género, número, politeness, etc.)","contar el número total de formas pronominales correspondientes (no contar las variaciones de caso asociadas a los pronombres) y codificar un número natural. Si no existe ninguna forma, indicar 0 y dejar la columna de certeza en blanco",2,2,Macalister 1914:20,,2,2,Matras 2012:214,
SISTEMA PRONOMINAL,"Número de distinciones formales (léxicas/morfológicas) en la tercera persona (género, número, obviativo-proximativo, etc.)","contar el número total de formas pronominales correspondientes (no contar las variaciones de caso asociadas a los pronombres) y codificar un número natural. Si no existe ninguna forma, indicar 0 y dejar la columna de certeza en blanco",2,2,Macalister 1914:20,,2,2,Matras 2012:214,
CATEGORÍAS NOMINALES,Número total de casos gramaticales,"Si la lengua tiene una categoría de caso, consignar el número total de casos nominales listados en la gramatica como un número natural. Comprende casos nucleares y oblicuos, si la ausencia de caso tiene una interpretación (caso no marcado) se cuenta. Si la lengua no tiene caso nominal, indicar 0 y dejar en blanco la columna de certeza",8,2,Macalister 1914:15,"—Nominative, Voca­tive, Accusative, Dative, Locative+Instrum ental (one form), Associative, Directive, Ablative.
",7,2,Matras 2012:214,"Benefactivo, Locativo, Dativo, Sociativo, Ablativo, Nom, Voc"
CATEGORÍAS NOMINALES,Número total de demostrativos espaciales,"Si la lengua tiene demostrativos espaciales, deicticos, consignar el número total de demostrativos espaciales listados en la gramatica como un número natural. Si la lengua no tiene demostrativos espaciales, indicar 0 y dejar en blanco la columna de certeza",6,2,Macalister 1914:23,,6,2,Matras 2012:219,"gender contrast in demonstratives, but not personal pronouns"
CATEGORÍAS NOMINALES,Existe evidencia de clasificadores numerales,Sí = 1 ; No = 0,0,2,,Number system is borrowed from arabic,0,2,Matras 2012:188,Kurdish and arabic number system
CATEGORÍAS NOMINALES,Existe evidencia de clasificadores genitivos,Sí = 1 ; No = 0,0,2,,,0,2,,
CATEGORÍAS NOMINALES,Existe evidencia de clases nominales / géneros,Sí = 1 ; No = 0,1,2,Macalister 1914:9,,1,2,Matras 2012:128,
CATEGORÍAS NOMINALES,La lengua distingue morfológicamente instrumental de comitativo,Sí = 1 ; No = 0,1,2,Macalister 1914:12,,0,2,Matras 2012:163,"Not productive anymore: “a marginal case marker in the Domari variety of Jerusalem, having been almost entirely replaced by the Arabic preposition PDযn‘with’ among the majority of speakers. It is used in a comitative function; all examples in the corpus are limited to its occurrence with the verb ߂ ‘to speak’:"
CATEGORÍAS NOMINALES,La lengua distingue morfológicamente posesion alienable de posesion inalienable,Sí = 1 ; No = 0,0,2,Macalister 1914:22,only pronominal suffixes,0,2,Matras 2012:166,
CATEGORÍAS NOMINALES,La lengua distingue morfológicamente locativo (en) de direccional (a/hacia),Sí = 1 ; No = 0,1,2,Macalister 1914:12,“directive” and locative,0,2,Matras 2012:147,"Directional either by locative or dative (depends on the semantics), but directive has been lost"
CATEGORÍAS NOMINALES,La lengua distingue morfológicamente locativo espacial de locativo temporal,Sí = 1 ; No = 0,0,2,Macalister 1914:12,,0,2,Matras 2012:155,"Expressions of time are similarly treated by analogy to spatial containment:
"
CATEGORÍAS NOMINALES,La lengua distingue morfológicamente los dos objetos de una construccion ditransitiva,Sí = 1 ; No = 0,1,2,Macalister 1914:15,dativo,1,2,Matras 2012:316,dativo
RELACIONES GRAMATICALES,"La lengua marca las funciones gramaticales de las FN (S, A, P) mediante caso",Sí = 1 ; No = 0,1,2,Macalister 1914: 21,,1,2,Matras 2012:214,"caso en los nombres, no en los pronombres"
RELACIONES GRAMATICALES,"La lengua marca las funciones gramaticales de las FN (S, A, P) mediante marcas en el verbo",Sí = 1 ; No = 0,1,2,Macalister 1914: 21,,1,2,Matras 2012:214,subject and object affixes
RELACIONES GRAMATICALES,"La lengua marca las funciones gramaticales de las FN (S, A, P) mediante orden de palabras",Sí = 1 ; No = 0,0,2,Macalister 1914:15,,0,2,Matras 2012:214,
RELACIONES GRAMATICALES,Los pronombres muestran un alineamiento de tipo…,"Si la lengua tiene caso, consignar el alineamiento de caso de los pronombres. Jerárquico: marcación de objeto y sujeto basados en la jerarquía de persona 1 > 2 > 3. Si la lengua no tiene caso nominal, indicar 0 y dejar en blanco la columna de certeza.",neutro,2,Macalister 1914: 20,"Properly speaking, they are indeclin­able, ",neutro,2,Matras 2012:214,“ personal pronouns do not inflect for nominal case”
RELACIONES GRAMATICALES,Los nombres muestran un alineamiento de tipo…,"Si la lengua tiene caso, consignar el alineamiento de caso de los nombres. Jerárquico: marcación de objeto y sujeto basados en la jerarquía de persona 1 > 2 > 3. Si la lengua no tiene caso nominal, indicar 0 y dejar en blanco la columna de certeza.",nominativo-acusativo,2,Macalister 1914:12,,nominativo-acusativo,2,Matras 2012:128,
CATEGORÍAS VERBALES,Número de marcas morfológicas de tiempo y aspecto,"Consignar el número total de marcadores de tiempo y aspecto en la lengua y consignar un número natural. Si la lengua no tiene estos marcadores, entonces consignar 0 y dejar en blanco la columna de certeza",2,1,Macalister 1914: 26,"“ the original Aryan tense-system has utterly broken down under the influence of the Arabic verb, and that while such || Nuri personal endings as are necessary have been retained, their syntactic treatment is now purely Semitic.
“ ------- 
“Macalister completely fails to identify the presence of the external tense markers L and D and hence the meaningful distinction between forms like” - comment by Matras",4,2,Matras 2012:239,"id-, s-, I, a
Stabilized system"
CATEGORÍAS VERBALES,Número de marcas morfológicas de evidencialidad ,"Consignar el número total de marcadores de evidencialidad en la lengua y consignar un número natural. Si la lengua no tiene estos marcadores, entonces consignar 0 y dejar en blanco la columna de certeza",0,,,,0,2,Matras 2012:277,tense form used sometimes for evidentiality
CATEGORÍAS VERBALES,El interrogativo se distingue del declarativo mediante,"Indicar si existe una distinción formal entre oraciones indicativas/declarativas e interrogativas a partir de elementos morfológicos, prosódicos o ambos",,,Macalister 1914:24,only talking about pronouns,prosodia,2,Matras 2012:324,"the principal structural feature indicating the question illocution is the rising intonation, coupled with the use of subjunctive/imperative mood of the verb which indicates the suspended realisation of the action.
"
CATEGORÍAS VERBALES,Existen causativos morfológicos,Sí = 1 ; No = 0,1,2,Macalister 1914: 33,-naw,1,2,Matras 2012:236,-naw/aw-
FONOLOGÍA,número de tonemas en la lengua (si la lengua tiene un rasgo de tono),"Consignar el número total de tonemas en la lengua con un número natural. Si la lengua no tiene tono, consignar 0 y dejar la columna de certeza en blanco",0,,,,0,,,
FONOLOGÍA,número total de consonantes,Consignar el número total de consonantes en la lengua con un número natural. ,29,1,Macalister 1914:3,A lot of Arabic borrowings,34,2,Matras 2012:36,A lot of Arabic borrowings
FONOLOGÍA,número total de vocales,Consignar el número total de vocales en la lengua con un número natural. ,12,1,Macalister 1914:20,,14,2,Matras 2012:42,“vowel sounds tend to alternate with neighbouring variants without any meaningful contrast. Phoneme boundaries can therefore be formed around clusters of adjoining vowels )”
FONOLOGÍA,número de vocales nasales,"Consignar el número total de vocales nasales en la lengua con un número natural. Si la lengua no tiene vocales nasales, consignar 0 y dejar la columna de certeza en blanco",0,2,,,0,2,,
ORDEN DE PALABRAS,orden relativo entre el adjetivo y el nombre en la frase nominal,"Indicar el orden relativo del nombre y el adjetivo dentro de una frase nominal, seleccionando una de las opciones en la lista despegable",Adj N ,2,Macalister 1914:17,,Adj N ,2,Matras 2012:202,
ORDEN DE PALABRAS,orden relativo entre el modificador genitivo y el nombre en la frase nominal,"Indicar el orden relativo del nombre y el modificador genitivo dentro de una frase nominal, seleccionando una de las opciones de la lista desplegable",GEN N ,2,Macalister 1914:13,ongoing shift from genitive to ablative?,N GEN ,2,Matras 2012:161,ablative marks possessor
ORDEN DE PALABRAS,orden básico de palabras en la lengua,"Indicar el tipo de orden básico de constituyentes en oraciones declarativas a partir de la lista de opciones ofrecidas. ""no hay orden básico puede registrarse para los casos en los que se indica orden flexible o prágmáticamente orientado",SVO ,2,Macalister 1914: 26,"no explicit statement, but analysis seems to hold for SVO",SVO ,2,Matras 2012:317,"The pre-verbal field contains both the temporal specification and the identification of thesubject-topic. The post-verbal field contains both the argument of the verb (averb of motion that takes an indirect object), as well as a purpose clause thatoffers a glimpse into the continuing unfolding of the story.
"
CATEGORÍAS VERBALES,existe evidencia de concordancia entre el verbo y alguno de sus argumentos ,Sí = 1 ; No = 0,1,2,Macalister 1914: 27,,1,2,Matras 2012:249,
CATEGORÍAS NOMINALES,existe evidencia de concordancia entre el nombre y su adjetivo,Sí = 1 ; No = 0,1,2,Macalister 1914: 17,Gender and Number,1,2,Matras 2012:202,Gender and Number
