CATEGORIA,CARACTERISTICA,indicaciones para el dodificador,Estado 1,certeza: 1: los datos no son conclusivos; 2: los datos son conclusivos,REFERENCIA,Comentarios,Estado 2,certeza: 1: los datos no son conclusivos; 2: los datos son conclusivos,REFERENCIA,Comentarios
SISTEMA PRONOMINAL,"Número de distinciones formales (léxicas/morfológicas) en la primera persona (género, número, inclusivo-exclusivo, etc.)","contar el número total de formas pronominales correspondientes (no contar las variaciones de caso asociadas a los pronombres) y codificar un número natural. Si no existe ninguna forma, indicar 0 y dejar la columna de certeza en blanco",3,2,Benzing 1955:75,"no gen, but incl/excl",3,2,Juwon 2011:63,
SISTEMA PRONOMINAL,"Número de distinciones formales (léxicas/morfológicas) en la segunda persona (género, número, politeness, etc.)","contar el número total de formas pronominales correspondientes (no contar las variaciones de caso asociadas a los pronombres) y codificar un número natural. Si no existe ninguna forma, indicar 0 y dejar la columna de certeza en blanco",2,2,Benzing 1955:75,,2,2,Juwon 2011:63,
SISTEMA PRONOMINAL,"Número de distinciones formales (léxicas/morfológicas) en la tercera persona (género, número, obviativo-proximativo, etc.)","contar el número total de formas pronominales correspondientes (no contar las variaciones de caso asociadas a los pronombres) y codificar un número natural. Si no existe ninguna forma, indicar 0 y dejar la columna de certeza en blanco",2,2,Benzing 1955:75,,2,2,Juwon 2011:63,
CATEGORÍAS NOMINALES,Número total de casos gramaticales,"Si la lengua tiene una categoría de caso, consignar el número total de casos nominales listados en la gramatica como un número natural. Comprende casos nucleares y oblicuos, si la ausencia de caso tiene una interpretación (caso no marcado) se cuenta. Si la lengua no tiene caso nominal, indicar 0 y dejar en blanco la columna de certeza",16,2,Benzing 1955:55,"Nom, Voc, Acc, Part, Dat, Abl, Lok, Prol, Dir-Loc, Dir-Pro, Direktiv, Instr, Elativ, Adessiv, Komitativ, Äquativ",13,2,Juwon 2011:53,"Vocative lost, Adessiv also lost
Combination of directional + prolativ is made explicit as single case in Benzing (through...until)
"
CATEGORÍAS NOMINALES,Número total de demostrativos espaciales,"Si la lengua tiene demostrativos espaciales, deicticos, consignar el número total de demostrativos espaciales listados en la gramatica como un número natural. Si la lengua no tiene demostrativos espaciales, indicar 0 y dejar en blanco la columna de certeza",2,2,Benzing 1955:76,"lists three, but one seems to be the not spatial (“eben der”)",2,2,Juwon 2011:63,
CATEGORÍAS NOMINALES,Existe evidencia de clasificadores numerales,,0,2,Benzing 1955:71,,0,2,Juwon 2011:218,neither mentioned nor evidence
CATEGORÍAS NOMINALES,Existe evidencia de clasificadores genitivos,Sí = 1 ; No = 0,0,2,,,0,2,,
CATEGORÍAS NOMINALES,Existe evidencia de clases nominales / géneros,Sí = 1 ; No = 0,0,2,,,0,2,,
CATEGORÍAS NOMINALES,La lengua distingue morfológicamente instrumental de comitativo,Sí = 1 ; No = 0,1,2,Benzing 1955:55,,1,2,Juwon 2011:53,
CATEGORÍAS NOMINALES,La lengua distingue morfológicamente posesion alienable de posesion inalienable,Sí = 1 ; No = 0,,,,not mentioned,,,,not mentioned
CATEGORÍAS NOMINALES,La lengua distingue morfológicamente locativo (en) de direccional (a/hacia),Sí = 1 ; No = 0,1,2,Benzing 1955:61,further distinguishing prolative and directional,1,2,Juwon 2011:53,further distinguishing prolative and directional
CATEGORÍAS NOMINALES,La lengua distingue morfológicamente locativo espacial de locativo temporal,Sí = 1 ; No = 0,0,2,Benzing 1955:60,,0,2,Juwon 2011:54,
CATEGORÍAS NOMINALES,La lengua distingue morfológicamente los dos objetos de una construccion ditransitiva,Sí = 1 ; No = 0,1,2,Benzing 1955:55,rich case system,1,2,Juwon 2011:54,rich case system
RELACIONES GRAMATICALES,"La lengua marca las funciones gramaticales de las FN (S, A, P) mediante caso",Sí = 1 ; No = 0,1,2,Benzing 1955:55,,1,2,Juwon 2011:54,
RELACIONES GRAMATICALES,"La lengua marca las funciones gramaticales de las FN (S, A, P) mediante marcas en el verbo",Sí = 1 ; No = 0,1,2,Benzing 1955:87,,1,2,Juwon 2011:81,
RELACIONES GRAMATICALES,"La lengua marca las funciones gramaticales de las FN (S, A, P) mediante orden de palabras",Sí = 1 ; No = 0,0,2,Benzing 1955:116,,0,2,Juwon 2011:81,
RELACIONES GRAMATICALES,Los pronombres muestran un alineamiento de tipo…,"Si la lengua tiene caso, consignar el alineamiento de caso de los pronombres. Jerárquico: marcación de objeto y sujeto basados en la jerarquía de persona 1 > 2 > 3. Si la lengua no tiene caso nominal, indicar 0 y dejar en blanco la columna de certeza.",nominativo-acusativo,2,Benzing 1955:76,,nominativo-acusativo,2,Juwon 2011:63,
RELACIONES GRAMATICALES,Los nombres muestran un alineamiento de tipo…,"Si la lengua tiene caso, consignar el alineamiento de caso de los nombres. Jerárquico: marcación de objeto y sujeto basados en la jerarquía de persona 1 > 2 > 3. Si la lengua no tiene caso nominal, indicar 0 y dejar en blanco la columna de certeza.",nominativo-acusativo,2,Benzing 1955:55,,nominativo-acusativo,2,Juwon 2011:63,
CATEGORÍAS VERBALES,Número de marcas morfológicas de tiempo y aspecto,"Consignar el número total de marcadores de tiempo y aspecto en la lengua y consignar un número natural. Si la lengua no tiene estos marcadores, entonces consignar 0 y dejar en blanco la columna de certeza",13,2,Benzing 1955:43-45,"He has a very broad definition of aspect, ",13,2,Juwon 2011:77-94,extensive list in old questionnaire;
CATEGORÍAS VERBALES,Número de marcas morfológicas de evidencialidad ,"Consignar el número total de marcadores de evidencialidad en la lengua y consignar un número natural. Si la lengua no tiene estos marcadores, entonces consignar 0 y dejar en blanco la columna de certeza",0,,,,0,,,
CATEGORÍAS VERBALES,El interrogativo se distingue del declarativo mediante,"Indicar si existe una distinción formal entre oraciones indicativas/declarativas e interrogativas a partir de elementos morfológicos, prosódicos o ambos",morfología,2,Benzing 1955:111,,morfología,2,Juwon 2011:111,
CATEGORÍAS VERBALES,Existen causativos morfológicos,Sí = 1 ; No = 0,1,2,Benzing 1955:48,,1,2,Juwon 2011:76,
FONOLOGÍA,número de tonemas en la lengua (si la lengua tiene un rasgo de tono),"Consignar el número total de tonemas en la lengua con un número natural. Si la lengua no tiene tono, consignar 0 y dejar la columna de certeza en blanco",0,,,,0,,,
FONOLOGÍA,número total de consonantes,Consignar el número total de consonantes en la lengua con un número natural. ,23,1,Benzing 1955:10,"No minimal pairs are established; are we dealing with phonemes or qualities? (it seems like qualities, which makes the comparison more difficult)",27,2,Juwon 2011:23,"phonemes: 18
not counted: 4 which appear only in russian loanwords"
FONOLOGÍA,número total de vocales,Consignar el número total de vocales en la lengua con un número natural. ,13,2,Benzing 1955:6,"Cites “Levin” with 16, but shows how 3 values are lost because they match other qualities; 13 is his reliable analysis",13,2,Juwon 2011:11,
FONOLOGÍA,número de vocales nasales,"Consignar el número total de vocales nasales en la lengua con un número natural. Si la lengua no tiene vocales nasales, consignar 0 y dejar la columna de certeza en blanco",0,,,,0,,,
ORDEN DE PALABRAS,orden relativo entre el adjetivo y el nombre en la frase nominal,"Indicar el orden relativo del nombre y el adjetivo dentro de una frase nominal, seleccionando una de las opciones en la lista despegable",Adj N ,2,Benzing 1955:116,some constructions with N-Adj,Adj N ,2,Juwon 2011:68,N-Adj if used predicatively
ORDEN DE PALABRAS,orden relativo entre el modificador genitivo y el nombre en la frase nominal,"Indicar el orden relativo del nombre y el modificador genitivo dentro de una frase nominal, seleccionando una de las opciones de la lista desplegable",GEN N ,2,Benzing 1955:83,"wird das Besitzverhältnis zweier Sub­stantive im allgemeinen durch eine Konstruktion mit Possessivsuffix aus­gedrückt, welche unseren Genitiv ersetzt: Marja 3 u .11 ‘Maria ihr-Haus’ >",GEN N ,2,Juwon 2011:219,
ORDEN DE PALABRAS,orden básico de palabras en la lengua,"Indicar el tipo de orden básico de constituyentes en oraciones declarativas a partir de la lista de opciones ofrecidas. ""no hay orden básico puede registrarse para los casos en los que se indica orden flexible o prágmáticamente orientado",no hay orden básico,2,Benzing 1955:116,"“ das L a m u tisch e ein e S p ra ch e m it r e c h t fre ie r W o r t ­
ste llu n g ist.
“ - una lengua sin orden basico",no hay orden básico,2,Juwon 2011:114,Huge russian influence stated by author
CATEGORÍAS VERBALES,existe evidencia de concordancia entre el verbo y alguno de sus argumentos ,Sí = 1 ; No = 0,1,2,Benzing 1955:87,,1,2,Juwon 2011:81,
CATEGORÍAS NOMINALES,existe evidencia de concordancia entre el nombre y su adjetivo,Sí = 1 ; No = 0,1,2,Benzing 1955:66,,1,2,Juwon 2011:68,add morphological case and number affixes the same as nouns.
