CATEGORIA,CARACTERISTICA,indicaciones para el dodificador,Estado 1,certeza: 1: los datos no son conclusivos; 2: los datos son conclusivos,REFERENCIA,Comentarios,Estado 2,certeza: 1: los datos no son conclusivos; 2: los datos son conclusivos,REFERENCIA,Comentarios
SISTEMA PRONOMINAL,"Número de distinciones formales (léxicas/morfológicas) en la primera persona (género, número, inclusivo-exclusivo, etc.)","contar el número total de formas pronominales correspondientes (no contar las variaciones de caso asociadas a los pronombres) y codificar un número natural. Si no existe ninguna forma, indicar 0 y dejar la columna de certeza en blanco",1,2,Castren 1854:351,dual and plural derived by different case affixes,1,2,Siegl 2013:186,dual and plural derived by different case affixes
SISTEMA PRONOMINAL,"Número de distinciones formales (léxicas/morfológicas) en la segunda persona (género, número, politeness, etc.)","contar el número total de formas pronominales correspondientes (no contar las variaciones de caso asociadas a los pronombres) y codificar un número natural. Si no existe ninguna forma, indicar 0 y dejar la columna de certeza en blanco",1,2,Castren 1854:351,dual and plural derived by different case affixes,1,2,Siegl 2013:186,dual and plural derived by different case affixes
SISTEMA PRONOMINAL,"Número de distinciones formales (léxicas/morfológicas) en la tercera persona (género, número, obviativo-proximativo, etc.)","contar el número total de formas pronominales correspondientes (no contar las variaciones de caso asociadas a los pronombres) y codificar un número natural. Si no existe ninguna forma, indicar 0 y dejar la columna de certeza en blanco",1,2,Castren 1854:351,,1,2,Siegl 2013:186,dual and plural derived by different case affixes
CATEGORÍAS NOMINALES,Número total de casos gramaticales,"Si la lengua tiene una categoría de caso, consignar el número total de casos nominales listados en la gramatica como un número natural. Comprende casos nucleares y oblicuos, si la ausencia de caso tiene una interpretación (caso no marcado) se cuenta. Si la lengua no tiene caso nominal, indicar 0 y dejar en blanco la columna de certeza",6,1,Castren 1854:316,Lack of detailed fieldwork shows (Castrén focussed on comparative perspective and especially Forest Enets lacks extensive fieldwork,9,2,Siegl 2013:161,rich oblique case system
CATEGORÍAS NOMINALES,Número total de demostrativos espaciales,"Si la lengua tiene demostrativos espaciales, deicticos, consignar el número total de demostrativos espaciales listados en la gramatica como un número natural. Si la lengua no tiene demostrativos espaciales, indicar 0 y dejar en blanco la columna de certeza",3,2,Castren 1854:358,,3,2,Siegl 2013:203,
CATEGORÍAS NOMINALES,Existe evidencia de clasificadores numerales,Sí = 1 ; No = 0,0,2,Castren 1854:182,,0,2,,
CATEGORÍAS NOMINALES,Existe evidencia de clasificadores genitivos,Sí = 1 ; No = 0,0,2,,,0,2,,
CATEGORÍAS NOMINALES,Existe evidencia de clases nominales / géneros,Sí = 1 ; No = 0,0,2,,,0,2,,
CATEGORÍAS NOMINALES,La lengua distingue morfológicamente instrumental de comitativo,Sí = 1 ; No = 0,0,2,Castren 1854:108,no comitative,0,2,Siegl 2013:161,locative expresses both meanings
CATEGORÍAS NOMINALES,La lengua distingue morfológicamente posesion alienable de posesion inalienable,Sí = 1 ; No = 0,0,2,,not mentioned when talking about possession,0,2,Siegl 2013:235,A formal distinction between alienable possession (‘my knife’) and inalienable possession (‘my nose’) does not exist
CATEGORÍAS NOMINALES,La lengua distingue morfológicamente locativo (en) de direccional (a/hacia),Sí = 1 ; No = 0,1,2,Castren 1854:114,locative and prolative,0,2,Siegl 2013:402,"loc described as “loc-dir” case, prolative is now extinct"
CATEGORÍAS NOMINALES,La lengua distingue morfológicamente locativo espacial de locativo temporal,Sí = 1 ; No = 0,0,2,Castren 1854:108,,0,2,Siegl 2013:164,explicitly stated that not
CATEGORÍAS NOMINALES,La lengua distingue morfológicamente los dos objetos de una construccion ditransitiva,Sí = 1 ; No = 0,1,2,Castren 1854:316,rich oblique case system,1,2,Siegl 2013:351,rich oblique case system
RELACIONES GRAMATICALES,"La lengua marca las funciones gramaticales de las FN (S, A, P) mediante caso",Sí = 1 ; No = 0,0,2,Castren 1854:108,"Dual y plural identico al nominativo; en singular, hay dos formas que aún parecen al genitivo, pero ya están en full camino a perderse hacia el nominativo (y tal vez ya lao hicieron, es meramente un cambio de sonoridad que falta, de t a d)",0,2,Siegl 2013:121,“ the non-possessive accusative shows no overt case marking”
RELACIONES GRAMATICALES,"La lengua marca las funciones gramaticales de las FN (S, A, P) mediante marcas en el verbo",Sí = 1 ; No = 0,1,2,Castren 1854:293,,1,2,Siegl 2013:145,
RELACIONES GRAMATICALES,"La lengua marca las funciones gramaticales de las FN (S, A, P) mediante orden de palabras",Sí = 1 ; No = 0,0,2,,,0,2,,
RELACIONES GRAMATICALES,Los pronombres muestran un alineamiento de tipo…,"Si la lengua tiene caso, consignar el alineamiento de caso de los pronombres. Jerárquico: marcación de objeto y sujeto basados en la jerarquía de persona 1 > 2 > 3. Si la lengua no tiene caso nominal, indicar 0 y dejar en blanco la columna de certeza.",nominativo-acusativo,2,Castren 1854:351,,nominativo-acusativo,2,Siegl 2013:187,Different stem is used for Acc
RELACIONES GRAMATICALES,Los nombres muestran un alineamiento de tipo…,"Si la lengua tiene caso, consignar el alineamiento de caso de los nombres. Jerárquico: marcación de objeto y sujeto basados en la jerarquía de persona 1 > 2 > 3. Si la lengua no tiene caso nominal, indicar 0 y dejar en blanco la columna de certeza.",neutro,2,Castren 1854:293,"Dual y plural identico al nominativo; en singular, hay dos formas que aún parecen al genitivo, pero ya están en full camino a perderse hacia el nominativo (y tal vez ya lao hicieron, es meramente un cambio de sonoridad que falta, de t a d)",neutro,2,Siegl 2013:122,inflection system is lost for Nom/Acc
CATEGORÍAS VERBALES,Número de marcas morfológicas de tiempo y aspecto,"Consignar el número total de marcadores de tiempo y aspecto en la lengua y consignar un número natural. Si la lengua no tiene estos marcadores, entonces consignar 0 y dejar en blanco la columna de certeza",4,1,Castren 1854:369,,12,2,Siegl 2013:261,
CATEGORÍAS VERBALES,Número de marcas morfológicas de evidencialidad ,"Consignar el número total de marcadores de evidencialidad en la lengua y consignar un número natural. Si la lengua no tiene estos marcadores, entonces consignar 0 y dejar en blanco la columna de certeza",0,,,not mentioned,0,2,Siegl 2013:265,"tenses with evidential interpretation, but no explicit markers"
CATEGORÍAS VERBALES,El interrogativo se distingue del declarativo mediante,"Indicar si existe una distinción formal entre oraciones indicativas/declarativas e interrogativas a partir de elementos morfológicos, prosódicos o ambos",1,2,Castren 1854:518,,1,2,Siegl 2013:285,only for questions about the past
CATEGORÍAS VERBALES,Existen causativos morfológicos,Sí = 1 ; No = 0,,,,no se encuentra evidencia,0,2,Siegl 2013:350,"Synchronically, causativization in Forest Enets is no longer productive, but traces of the causative -đa/-da/-ta can be found"
FONOLOGÍA,número de tonemas en la lengua (si la lengua tiene un rasgo de tono),"Consignar el número total de tonemas en la lengua con un número natural. Si la lengua no tiene tono, consignar 0 y dejar la columna de certeza en blanco",0,,,,0,,,
FONOLOGÍA,número total de consonantes,Consignar el número total de consonantes en la lengua con un número natural. ,20,1,Castren 1854:3,,21,2,Siegl 2013:83,
FONOLOGÍA,número total de vocales,Consignar el número total de vocales en la lengua con un número natural. ,5,1,Castren 1854:3,,6,2,Siegl 2013:94,
FONOLOGÍA,número de vocales nasales,"Consignar el número total de vocales nasales en la lengua con un número natural. Si la lengua no tiene vocales nasales, consignar 0 y dejar la columna de certeza en blanco",0,,,,0,,,
ORDEN DE PALABRAS,orden relativo entre el adjetivo y el nombre en la frase nominal,"Indicar el orden relativo del nombre y el adjetivo dentro de una frase nominal, seleccionando una de las opciones en la lista despegable",Adj N ,2,Castren 1854:187,,Adj N ,2,Siegl 2013:98,
ORDEN DE PALABRAS,orden relativo entre el modificador genitivo y el nombre en la frase nominal,"Indicar el orden relativo del nombre y el modificador genitivo dentro de una frase nominal, seleccionando una de las opciones de la lista desplegable",N GEN ,2,Castren 1854:111,"aspirated, mostly phonological rest of former phoneme",N GEN ,2,Siegl 2013:234,
ORDEN DE PALABRAS,orden básico de palabras en la lengua,"Indicar el tipo de orden básico de constituyentes en oraciones declarativas a partir de la lista de opciones ofrecidas. ""no hay orden básico puede registrarse para los casos en los que se indica orden flexible o prágmáticamente orientado",,,,not discussed and no clear examples given,SOV ,2,Siegl 2013:363,"“In simple unmarked transitive clauses, the dominant word order is SOV:”"
CATEGORÍAS VERBALES,existe evidencia de concordancia entre el verbo y alguno de sus argumentos ,Sí = 1 ; No = 0,1,2,Castren 1854:293,,1,2,Siegl 2013:145,
CATEGORÍAS NOMINALES,existe evidencia de concordancia entre el nombre y su adjetivo,Sí = 1 ; No = 0,0,2,Castren 1854:187,Not in Jennisay (only in Tawgy),0,2,Siegl 2013:230,neither for case nor number
