CATEGORIA,CARACTERISTICA,indicaciones para el dodificador,Estado 1,certeza: 1: los datos no son conclusivos; 2: los datos son conclusivos,REFERENCIA,Comentarios,Estado 2,certeza: 1: los datos no son conclusivos; 2: los datos son conclusivos,REFERENCIA,Comentarios
SISTEMA PRONOMINAL,"Número de distinciones formales (léxicas/morfológicas) en la primera persona (género, número, inclusivo-exclusivo, etc.)","contar el número total de formas pronominales correspondientes (no contar las variaciones de caso asociadas a los pronombres) y codificar un número natural. Si no existe ninguna forma, indicar 0 y dejar la columna de certeza en blanco",2,2,Refsing 1979:92,,2,2,Bugaeva 2012:471,
SISTEMA PRONOMINAL,"Número de distinciones formales (léxicas/morfológicas) en la segunda persona (género, número, politeness, etc.)","contar el número total de formas pronominales correspondientes (no contar las variaciones de caso asociadas a los pronombres) y codificar un número natural. Si no existe ninguna forma, indicar 0 y dejar la columna de certeza en blanco",2,2,Refsing 1979:92,,2,2,Bugaeva 2012:471,
SISTEMA PRONOMINAL,"Número de distinciones formales (léxicas/morfológicas) en la tercera persona (género, número, obviativo-proximativo, etc.)","contar el número total de formas pronominales correspondientes (no contar las variaciones de caso asociadas a los pronombres) y codificar un número natural. Si no existe ninguna forma, indicar 0 y dejar la columna de certeza en blanco",2,2,Refsing 1979:92,,2,2,Bugaeva 2012:471,
CATEGORÍAS NOMINALES,Número total de casos gramaticales,"Si la lengua tiene una categoría de caso, consignar el número total de casos nominales listados en la gramatica como un número natural. Comprende casos nucleares y oblicuos, si la ausencia de caso tiene una interpretación (caso no marcado) se cuenta. Si la lengua no tiene caso nominal, indicar 0 y dejar en blanco la columna de certeza",0,2,Refsing 1979:164,postpositions,0,2,Bugaeva 2012:483,postpositions
CATEGORÍAS NOMINALES,Número total de demostrativos espaciales,"Si la lengua tiene demostrativos espaciales, deicticos, consignar el número total de demostrativos espaciales listados en la gramatica como un número natural. Si la lengua no tiene demostrativos espaciales, indicar 0 y dejar en blanco la columna de certeza",3,2,Refsing 1979:97,form such as “tapan” from Bugaeva are proximated by examples,3,2,Bugaeva 2012:472,
CATEGORÍAS NOMINALES,Existe evidencia de clasificadores numerales,Sí = 1 ; No = 0,1,2,Refsing 1979:111,human/non-human classifier,1,2,Bugaeva 2012:471,human/non-human
CATEGORÍAS NOMINALES,Existe evidencia de clasificadores genitivos,Sí = 1 ; No = 0,0,2,,,0,2,,
CATEGORÍAS NOMINALES,Existe evidencia de clases nominales / géneros,Sí = 1 ; No = 0,0,2,,,0,2,,
CATEGORÍAS NOMINALES,La lengua distingue morfológicamente instrumental de comitativo,Sí = 1 ; No = 0,1,2,Refsing 1979:170,,1,2,Bugaeva 2012:476,
CATEGORÍAS NOMINALES,La lengua distingue morfológicamente posesion alienable de posesion inalienable,Sí = 1 ; No = 0,1,2,Refsing 1979:81,,1,2,Bugaeva 2012:478,
CATEGORÍAS NOMINALES,La lengua distingue morfológicamente locativo (en) de direccional (a/hacia),Sí = 1 ; No = 0,1,2,Refsing 1979:165,,1,2,Bugaeva 2012:476,
CATEGORÍAS NOMINALES,La lengua distingue morfológicamente locativo espacial de locativo temporal,Sí = 1 ; No = 0,0,2,Refsing 1979:164,,0,2,Bugaeva 2012:476,example with “loc” + “day”
CATEGORÍAS NOMINALES,La lengua distingue morfológicamente los dos objetos de una construccion ditransitiva,Sí = 1 ; No = 0,1,2,Refsing 1979:164,"unmarked P or allative case, A/O marked on verb",1,2,Bugaeva 2012:476,
RELACIONES GRAMATICALES,"La lengua marca las funciones gramaticales de las FN (S, A, P) mediante caso",Sí = 1 ; No = 0,0,2,Refsing 1979:212,,0,2,Bugaeva 2012:472,"There is no flagging (= case marking) on arguments (S/A/O), either on pronouns or on
nouns. Obliques are marked by postpositions (15.4.2).
"
RELACIONES GRAMATICALES,"La lengua marca las funciones gramaticales de las FN (S, A, P) mediante marcas en el verbo",Sí = 1 ; No = 0,1,2,Refsing 1979:212,,1,2,Bugaeva 2012:472,
RELACIONES GRAMATICALES,"La lengua marca las funciones gramaticales de las FN (S, A, P) mediante orden de palabras",Sí = 1 ; No = 0,0,2,Refsing 1979:212,,0,2,Bugaeva 2012:472,
RELACIONES GRAMATICALES,Los pronombres muestran un alineamiento de tipo…,"Si la lengua tiene caso, consignar el alineamiento de caso de los pronombres. Jerárquico: marcación de objeto y sujeto basados en la jerarquía de persona 1 > 2 > 3. Si la lengua no tiene caso nominal, indicar 0 y dejar en blanco la columna de certeza.",neutro,2,Refsing 1979:212,,neutro,2,Bugaeva 2012:472,Personal pronouns (Table 15.2) are uninflected (S/A/O)
RELACIONES GRAMATICALES,Los nombres muestran un alineamiento de tipo…,"Si la lengua tiene caso, consignar el alineamiento de caso de los nombres. Jerárquico: marcación de objeto y sujeto basados en la jerarquía de persona 1 > 2 > 3. Si la lengua no tiene caso nominal, indicar 0 y dejar en blanco la columna de certeza.",neutro,2,Refsing 1979:212,,neutro,2,Bugaeva 2012:472,
CATEGORÍAS VERBALES,Número de marcas morfológicas de tiempo y aspecto,"Consignar el número total de marcadores de tiempo y aspecto en la lengua y consignar un número natural. Si la lengua no tiene estos marcadores, entonces consignar 0 y dejar en blanco la columna de certeza",4,2,Refsing 1979:193,,4,2,Bugaeva 2012:493,4 asp + 4 mood
CATEGORÍAS VERBALES,Número de marcas morfológicas de evidencialidad ,"Consignar el número total de marcadores de evidencialidad en la lengua y consignar un número natural. Si la lengua no tiene estos marcadores, entonces consignar 0 y dejar en blanco la columna de certeza",4,2,Refsing 1979:230,"The choice of nomtitaltzer in the sentence final form is thus determined
by the semantic content of die verb being nominalizcd. ",4,2,Bugaeva 2012:493,"The expressive nominalizers ruwe eEVD, hawe eSAID, siri eSEEN, and humi eFELT"
CATEGORÍAS VERBALES,El interrogativo se distingue del declarativo mediante,"Indicar si existe una distinción formal entre oraciones indicativas/declarativas e interrogativas a partir de elementos morfológicos, prosódicos o ambos",morfología y prosodia,2,Refsing 1979:229,,morfología y prosodia,2,Bugaeva 2012:497,
CATEGORÍAS VERBALES,Existen causativos morfológicos,Sí = 1 ; No = 0,1,2,Refsing 1979:142,,1,2,Bugaeva 2012:481,
FONOLOGÍA,número de tonemas en la lengua (si la lengua tiene un rasgo de tono),"Consignar el número total de tonemas en la lengua con un número natural. Si la lengua no tiene tono, consignar 0 y dejar la columna de certeza en blanco",0,,,,0,,,
FONOLOGÍA,número total de consonantes,Consignar el número total de consonantes en la lengua con un número natural. ,12,2,Refsing 1979:68,"“excluding the glottal plosive, there are 11 consonants” - well, lets not exclude it then because Bugaeva doesnt either",12,2,Bugaeva 2012:465,
FONOLOGÍA,número total de vocales,Consignar el número total de vocales en la lengua con un número natural. ,5,2,Refsing 1979:68,,5,2,Bugaeva 2012:466,
FONOLOGÍA,número de vocales nasales,"Consignar el número total de vocales nasales en la lengua con un número natural. Si la lengua no tiene vocales nasales, consignar 0 y dejar la columna de certeza en blanco",0,,,,0,,,
ORDEN DE PALABRAS,orden relativo entre el adjetivo y el nombre en la frase nominal,"Indicar el orden relativo del nombre y el adjetivo dentro de una frase nominal, seleccionando una de las opciones en la lista despegable",,,Refsing 1979:27,inflected like intransitive verbs → no adjectives,,,Bugaeva 2012:470,There is no morphologically distinct class of adjectives.
ORDEN DE PALABRAS,orden relativo entre el modificador genitivo y el nombre en la frase nominal,"Indicar el orden relativo del nombre y el modificador genitivo dentro de una frase nominal, seleccionando una de las opciones de la lista desplegable",GEN N ,2,Refsing 1979:40,,GEN N ,2,Bugaeva 2012:478,
ORDEN DE PALABRAS,orden básico de palabras en la lengua,"Indicar el tipo de orden básico de constituyentes en oraciones declarativas a partir de la lista de opciones ofrecidas. ""no hay orden básico puede registrarse para los casos en los que se indica orden flexible o prágmáticamente orientado",SOV ,2,Refsing 1979:40,,SOV ,2,Bugaeva 2012:472,
CATEGORÍAS VERBALES,existe evidencia de concordancia entre el verbo y alguno de sus argumentos ,Sí = 1 ; No = 0,1,2,Refsing 1979:212,,1,2,Bugaeva 2012:472,
CATEGORÍAS NOMINALES,existe evidencia de concordancia entre el nombre y su adjetivo,Sí = 1 ; No = 0,,,Refsing 1979:27,inflected like intransitive verbs → no adjectives,,,Bugaeva 2012:470,There is no morphologically distinct class of adjectives.
