CATEGORIA,CARACTERISTICA,indicaciones para el dodificador,Estado 1,certeza: 1: los datos no son conclusivos; 2: los datos son conclusivos,REFERENCIA,Comentarios,Estado 2,certeza: 1: los datos no son conclusivos; 2: los datos son conclusivos,REFERENCIA,Comentarios
SISTEMA PRONOMINAL,"Número de distinciones formales (léxicas/morfológicas) en la primera persona (género, número, inclusivo-exclusivo, etc.)","contar el número total de formas pronominales correspondientes (no contar las variaciones de caso asociadas a los pronombres) y codificar un número natural. Si no existe ninguna forma, indicar 0 y dejar la columna de certeza en blanco",2,1,Bright (1957:60),Inferencia a partir de ejemplos. No  se presenta el sistema pronominal claramente. Solo se presentan morfemas de trancisión sin especificar las formas.,2,2,Halpern (1997:25),
SISTEMA PRONOMINAL,"Número de distinciones formales (léxicas/morfológicas) en la segunda persona (género, número, politeness, etc.)","contar el número total de formas pronominales correspondientes (no contar las variaciones de caso asociadas a los pronombres) y codificar un número natural. Si no existe ninguna forma, indicar 0 y dejar la columna de certeza en blanco",2,1,Bright (1957:60),Inferencia a partir de ejemplos. No  se presenta el sistema pronominal claramente. Solo se presentan morfemas de trancisión sin especificar las formas.,2,2,Halpern (1997:25),
SISTEMA PRONOMINAL,"Número de distinciones formales (léxicas/morfológicas) en la tercera persona (género, número, obviativo-proximativo, etc.)","contar el número total de formas pronominales correspondientes (no contar las variaciones de caso asociadas a los pronombres) y codificar un número natural. Si no existe ninguna forma, indicar 0 y dejar la columna de certeza en blanco",2,1,Bright (1957:60),Inferencia a partir de ejemplos. No  se presenta el sistema pronominal claramente. Solo se presentan morfemas de trancisión sin especificar las formas.,3,2,Halpern (1997:25),
CATEGORÍAS NOMINALES,Número total de casos gramaticales,"Si la lengua tiene una categoría de caso, consignar el número total de casos nominales listados en la gramatica como un número natural. Comprende casos nucleares y oblicuos, si la ausencia de caso tiene una interpretación (caso no marcado) se cuenta. Si la lengua no tiene caso nominal, indicar 0 y dejar en blanco la columna de certeza",6,1,Bright (1957: 150-53),,5,1,Halpern (1997:26),Las traducciones no son tan precisas.
CATEGORÍAS NOMINALES,Número total de demostrativos espaciales,"Si la lengua tiene demostrativos espaciales, deicticos, consignar el número total de demostrativos espaciales listados en la gramatica como un número natural. Si la lengua no tiene demostrativos espaciales, indicar 0 y dejar en blanco la columna de certeza",30,1,Bright (1957: 95),,3,2,Halpern (1997:25),"""Their use ins not fully understood"""
CATEGORÍAS NOMINALES,Existe evidencia de clasificadores numerales,Sí = 1 ; No = 0,1,2,Bright (1957: 150),"Singular, plural y dual",1,1,Halpern (1997:25),Parece haberse perdido la forma dual.
CATEGORÍAS NOMINALES,Existe evidencia de clasificadores genitivos,Sí = 1 ; No = 0,1,1,Bright (1957: 45),,1,1,Halpern (1997:25),
CATEGORÍAS NOMINALES,Existe evidencia de clases nominales / géneros,Sí = 1 ; No = 0,1,1,Bright (1957: 70),,0,1,Halpern (1997:34),
CATEGORÍAS NOMINALES,La lengua distingue morfológicamente instrumental de comitativo,Sí = 1 ; No = 0,1,,Bright (1957: 150),,0,1,Halpern (1997:25),
CATEGORÍAS NOMINALES,La lengua distingue morfológicamente posesion alienable de posesion inalienable,Sí = 1 ; No = 0,,,,,,,,
CATEGORÍAS NOMINALES,La lengua distingue morfológicamente locativo (en) de direccional (a/hacia),Sí = 1 ; No = 0,1,1,Bright (1957: 75),,1,2,Halpern (1997:26),
CATEGORÍAS NOMINALES,La lengua distingue morfológicamente locativo espacial de locativo temporal,Sí = 1 ; No = 0,1,1,Bright (1957: 150),Clítico de LOC.TEMP,1,2,Halpern (1997:26),
CATEGORÍAS NOMINALES,La lengua distingue morfológicamente los dos objetos de una construccion ditransitiva,Sí = 1 ; No = 0,,,,,,,,
RELACIONES GRAMATICALES,"La lengua marca las funciones gramaticales de las FN (S, A, P) mediante caso",Sí = 1 ; No = 0,,,,,,,,
RELACIONES GRAMATICALES,"La lengua marca las funciones gramaticales de las FN (S, A, P) mediante marcas en el verbo",Sí = 1 ; No = 0,1,1,Bright (1957),Inferencia a partir de los ejemplos. ,1,,Inferencia a partir de los ejemplos. ,
RELACIONES GRAMATICALES,"La lengua marca las funciones gramaticales de las FN (S, A, P) mediante orden de palabras",Sí = 1 ; No = 0,,,,,1,,,
RELACIONES GRAMATICALES,Los pronombres muestran un alineamiento de tipo…,"Si la lengua tiene caso, consignar el alineamiento de caso de los pronombres. Jerárquico: marcación de objeto y sujeto basados en la jerarquía de persona 1 > 2 > 3. Si la lengua no tiene caso nominal, indicar 0 y dejar en blanco la columna de certeza.",nominativo-acusativo,1,,,nominativo-acusativo,1,Halpern (1997:26),"""Object always remains unmarked (…) subject of transitivies and intransitives clauses are treated equally"""
RELACIONES GRAMATICALES,Los nombres muestran un alineamiento de tipo…,"Si la lengua tiene caso, consignar el alineamiento de caso de los nombres. Jerárquico: marcación de objeto y sujeto basados en la jerarquía de persona 1 > 2 > 3. Si la lengua no tiene caso nominal, indicar 0 y dejar en blanco la columna de certeza.",nominativo-acusativo,1,,,nominativo-acusativo,1,Halpern (1997:26),"""Object always remains unmarked (…) subject of transitivies and intransitives clauses are treated equally"""
CATEGORÍAS VERBALES,Número de marcas morfológicas de tiempo y aspecto,"Consignar el número total de marcadores de tiempo y aspecto en la lengua y consignar un número natural. Si la lengua no tiene estos marcadores, entonces consignar 0 y dejar en blanco la columna de certeza",14,1,Bright (1957:152),,7,1,Halpern (1997:26),
CATEGORÍAS VERBALES,Número de marcas morfológicas de evidencialidad ,"Consignar el número total de marcadores de evidencialidad en la lengua y consignar un número natural. Si la lengua no tiene estos marcadores, entonces consignar 0 y dejar en blanco la columna de certeza",0,,,,5,1,Halpern (1997:26),"Si bien solo se consigna una forma como propiamente evidencial, he considerado marcas glosdas como 'truly'. No he considerado la marca de irrealis. "
CATEGORÍAS VERBALES,El interrogativo se distingue del declarativo mediante,"Indicar si existe una distinción formal entre oraciones indicativas/declarativas e interrogativas a partir de elementos morfológicos, prosódicos o ambos",0,1,Bright (1957:152),Sin embargo la descripción posterior si consigna interrogativo.,1,2,Halpern (1997:26),Se consigna un interrogativo.
CATEGORÍAS VERBALES,Existen causativos morfológicos,Sí = 1 ; No = 0,1,2,Bright (1957:75/109),,1,1,Halpern (1997:171),
FONOLOGÍA,número de tonemas en la lengua (si la lengua tiene un rasgo de tono),"Consignar el número total de tonemas en la lengua con un número natural. Si la lengua no tiene tono, consignar 0 y dejar la columna de certeza en blanco",0,1,Bright (1957:16),Solo fenómenos de entonación.,0,2,Halpern (1997:24),
FONOLOGÍA,número total de consonantes,Consignar el número total de consonantes en la lengua con un número natural. ,16,2,Bright (1957:7),,24,2,Halpern (1997:24),
FONOLOGÍA,número total de vocales,Consignar el número total de vocales en la lengua con un número natural. ,8,2,Bright (1957:7),,10,1,Halpern (1997:24),
FONOLOGÍA,número de vocales nasales,"Consignar el número total de vocales nasales en la lengua con un número natural. Si la lengua no tiene vocales nasales, consignar 0 y dejar la columna de certeza en blanco",0,2,Bright (1957:7),,0,1,Halpern (1997:24),
ORDEN DE PALABRAS,orden relativo entre el adjetivo y el nombre en la frase nominal,"Indicar el orden relativo del nombre y el adjetivo dentro de una frase nominal, seleccionando una de las opciones en la lista despegable",N Adj ,1,Bright (1957:69),,N Adj ,2,Halpern (1997:31),
ORDEN DE PALABRAS,orden relativo entre el modificador genitivo y el nombre en la frase nominal,"Indicar el orden relativo del nombre y el modificador genitivo dentro de una frase nominal, seleccionando una de las opciones de la lista desplegable",GEN N ,1,Bright (1957:49),,GEN N ,2,Halpern (1997:25),
ORDEN DE PALABRAS,orden básico de palabras en la lengua,"Indicar el tipo de orden básico de constituyentes en oraciones declarativas a partir de la lista de opciones ofrecidas. ""no hay orden básico puede registrarse para los casos en los que se indica orden flexible o prágmáticamente orientado",no hay orden básico,2,Bright (1957:141),,SOV ,2,Halpern (1997:29),
CONCORDANCIA,Existe evidencia de concordancia entre el verbo y alguno de sus argumentos,Sí = 1 ; No = 0,1,2,Bright (1957:64),,1,2,Halpern (1997:25),
CONCORDANCIA,Existe evidencia de concordancia entre el nombre y su adjetivo,Sí = 1 ; No = 0,1,1,Bright (1957:69),Los adjetivos son nombres en funciones adjetivales por lo que toman la misma morfología del nombre al que modifican. ,1,1,Halpern (1997:29),Concuerda en caso. 
