CATEGORIA,CARACTERISTICA,indicaciones para el dodificador,Estado 1,certeza: 1: los datos no son conclusivos; 2: los datos son conclusivos,REFERENCIA,Comentarios,Estado 2,certeza: 1: los datos no son conclusivos; 2: los datos son conclusivos,REFERENCIA,Comentarios
SISTEMA PRONOMINAL,"Número de distinciones formales (léxicas/morfológicas) en la primera persona (género, número, inclusivo-exclusivo, etc.)","contar el número total de formas pronominales correspondientes (no contar las variaciones de caso asociadas a los pronombres) y codificar un número natural. Si no existe ninguna forma, indicar 0 y dejar la columna de certeza en blanco",6,2,Fasut (1972:27),"Formas largas y cortas para singular, plural exclusiva y plural inclusiva.",13,2,Vallejos (2016:149),Formas libres y clíticos. Distinción entre habla femenina y masculina. 
SISTEMA PRONOMINAL,"Número de distinciones formales (léxicas/morfológicas) en la segunda persona (género, número, politeness, etc.)","contar el número total de formas pronominales correspondientes (no contar las variaciones de caso asociadas a los pronombres) y codificar un número natural. Si no existe ninguna forma, indicar 0 y dejar la columna de certeza en blanco",4,2,Fasut (1972:27),Formas largas y cortas para singular y plural.,10,2,Vallejos (2016:149),Formas libres y clíticos. Distinción entre habla femenina y masculina. 
SISTEMA PRONOMINAL,"Número de distinciones formales (léxicas/morfológicas) en la tercera persona (género, número, obviativo-proximativo, etc.)","contar el número total de formas pronominales correspondientes (no contar las variaciones de caso asociadas a los pronombres) y codificar un número natural. Si no existe ninguna forma, indicar 0 y dejar la columna de certeza en blanco",5,2,Fasut (1972:27),Formas largas y cortas.,10,2,Vallejos (2016:149),
CATEGORÍAS NOMINALES,Número total de casos gramaticales,"Si la lengua tiene una categoría de caso, consignar el número total de casos nominales listados en la gramatica como un número natural. Comprende casos nucleares y oblicuos, si la ausencia de caso tiene una interpretación (caso no marcado) se cuenta. Si la lengua no tiene caso nominal, indicar 0 y dejar en blanco la columna de certeza",0,2,,No existe marcación de caso. Se utilizan complementos semánticamente marcados con órdenes de palabra específicos.,10,2,Vallejos (2016:319),Todos oblicuos marcados con posposiciones.
CATEGORÍAS NOMINALES,Número total de demostrativos espaciales,"Si la lengua tiene demostrativos espaciales, deicticos, consignar el número total de demostrativos espaciales listados en la gramatica como un número natural. Si la lengua no tiene demostrativos espaciales, indicar 0 y dejar en blanco la columna de certeza",13,1,Fasut (1972:1556-162),Se consignan formas de habla masculina y femenina aunque con mismo significado. ,15,2,Vallejos (2016:170),"Se consignan todas las formas recogidas por Vallejo. Sin embargo, muchas de ellas son formas derivadas. "
CATEGORÍAS NOMINALES,Existe evidencia de clasificadores numerales,Sí = 1 ; No = 0,1,2,Fasut (1972:68),Singular Vs Plural,1,2,Vallejos (2016:181),
CATEGORÍAS NOMINALES,Existe evidencia de clasificadores genitivos,Sí = 1 ; No = 0,0,,,,0,,,
CATEGORÍAS NOMINALES,Existe evidencia de clases nominales / géneros,Sí = 1 ; No = 0,0,,,Sin embargo hay habla femenina y habla masculina. ,0,2,Vallejos (2016:181),"Sin embargo, hay distinción entre habla masculina y femenina. "
CATEGORÍAS NOMINALES,La lengua distingue morfológicamente instrumental de comitativo,Sí = 1 ; No = 0,1,,Fasut (1972:50),,1,2,Vallejos (2016:292-299),
CATEGORÍAS NOMINALES,La lengua distingue morfológicamente posesion alienable de posesion inalienable,Sí = 1 ; No = 0,0,,,,1,1,Vallejos (2016:164),
CATEGORÍAS NOMINALES,La lengua distingue morfológicamente locativo (en) de direccional (a/hacia),Sí = 1 ; No = 0,1,2,Fasut (1972:11),,1,2,Vallejos (2016:307),Locativo vs Alativo. 
CATEGORÍAS NOMINALES,La lengua distingue morfológicamente locativo espacial de locativo temporal,Sí = 1 ; No = 0,1,1,Fasut (1972:74/138),,,1,,
CATEGORÍAS NOMINALES,La lengua distingue morfológicamente los dos objetos de una construccion ditransitiva,Sí = 1 ; No = 0,,,,,1,2,Vallejos (2016:272),recipiente' y 'meta' se marcan con dativo y locativo respectivamente. 
RELACIONES GRAMATICALES,"La lengua marca las funciones gramaticales de las FN (S, A, P) mediante caso",Sí = 1 ; No = 0,,,,,0,2,Vallejos (2016:28),
RELACIONES GRAMATICALES,"La lengua marca las funciones gramaticales de las FN (S, A, P) mediante marcas en el verbo",Sí = 1 ; No = 0,,,,,0,2,Vallejos (2016:28),
RELACIONES GRAMATICALES,"La lengua marca las funciones gramaticales de las FN (S, A, P) mediante orden de palabras",Sí = 1 ; No = 0,1,,,,1,2,Vallejos (2016:28),
RELACIONES GRAMATICALES,Los pronombres muestran un alineamiento de tipo…,"Si la lengua tiene caso, consignar el alineamiento de caso de los pronombres. Jerárquico: marcación de objeto y sujeto basados en la jerarquía de persona 1 > 2 > 3. Si la lengua no tiene caso nominal, indicar 0 y dejar en blanco la columna de certeza.",,,,No hay marcación de caso.,,2,Vallejos (2016:118),No hay marcación de core cases en el nombre.
RELACIONES GRAMATICALES,Los nombres muestran un alineamiento de tipo…,"Si la lengua tiene caso, consignar el alineamiento de caso de los nombres. Jerárquico: marcación de objeto y sujeto basados en la jerarquía de persona 1 > 2 > 3. Si la lengua no tiene caso nominal, indicar 0 y dejar en blanco la columna de certeza.",,,,"Los pronombres, como los nombres, no presentan marcación de caso. ",nominativo-acusativo,1,Vallejos (2016:118),Se encuentran algunos patrones ergativos. 
CATEGORÍAS VERBALES,Número de marcas morfológicas de tiempo y aspecto,"Consignar el número total de marcadores de tiempo y aspecto en la lengua y consignar un número natural. Si la lengua no tiene estos marcadores, entonces consignar 0 y dejar en blanco la columna de certeza",4,1,Fasut (1972:45),"Faust afirma que el aspecto se obtiene a partir de verbos auxiliares. Sin embargo, Vallejos consigna muchos más sufijos. Debe considerarse que el texto de Faust no es una gramática sino más bien un conjunto de lecciones de aprendizaje. ",8,2,Vallejos (2016:389),5 de tiempo y 3 de aspecto
CATEGORÍAS VERBALES,Número de marcas morfológicas de evidencialidad ,"Consignar el número total de marcadores de evidencialidad en la lengua y consignar un número natural. Si la lengua no tiene estos marcadores, entonces consignar 0 y dejar en blanco la columna de certeza",,,,,4,2,Vallejos (2016:401),"Vallejos sostiene que las marcas son modales pero cumplen funciones de evidencialidad. 'certeza', 'inferencia' e 'información personal'"
CATEGORÍAS VERBALES,El interrogativo se distingue del declarativo mediante,"Indicar si existe una distinción formal entre oraciones indicativas/declarativas e interrogativas a partir de elementos morfológicos, prosódicos o ambos",1,2,Fasut (1972:21),,1,2,Vallejos (2016:425),
CATEGORÍAS VERBALES,Existen causativos morfológicos,Sí = 1 ; No = 0,1,2,Fasut (1972:109),,1,2,Vallejos (2016:610),
FONOLOGÍA,número de tonemas en la lengua (si la lengua tiene un rasgo de tono),"Consignar el número total de tonemas en la lengua con un número natural. Si la lengua no tiene tono, consignar 0 y dejar la columna de certeza en blanco",0,,Fasut (1972:145),,0,,,
FONOLOGÍA,número total de consonantes,Consignar el número total de consonantes en la lengua con un número natural. ,17,1,Fasut (1972:145),No se consignan fonemas sino 'letras',11,2,Vallejos (2016:40),
FONOLOGÍA,número total de vocales,Consignar el número total de vocales en la lengua con un número natural. ,6,1,Fasut (1972:145),,5,2,Vallejos (2016:51),
FONOLOGÍA,número de vocales nasales,"Consignar el número total de vocales nasales en la lengua con un número natural. Si la lengua no tiene vocales nasales, consignar 0 y dejar la columna de certeza en blanco",0,,Fasut (1972:145),,0,,,
ORDEN DE PALABRAS,orden relativo entre el adjetivo y el nombre en la frase nominal,"Indicar el orden relativo del nombre y el adjetivo dentro de una frase nominal, seleccionando una de las opciones en la lista despegable",ambos,2,Fasut (1972:35),,ambos,2,Vallejos (2016:262),
ORDEN DE PALABRAS,orden relativo entre el modificador genitivo y el nombre en la frase nominal,"Indicar el orden relativo del nombre y el modificador genitivo dentro de una frase nominal, seleccionando una de las opciones de la lista desplegable",GEN N ,2,Fasut (1972:51),,GEN N ,2,Vallejos (2016:152),
ORDEN DE PALABRAS,orden básico de palabras en la lengua,"Indicar el tipo de orden básico de constituyentes en oraciones declarativas a partir de la lista de opciones ofrecidas. ""no hay orden básico puede registrarse para los casos en los que se indica orden flexible o prágmáticamente orientado",no hay orden básico,2,Fasut (1972:32),"Dado que la lengua no tiene marcas de caso ni en los nombres ni en el verbo, el orden de palabras es crucial para dientificar los roles en la oración. El orden de los constituyentes varía en función a la semántica del verbo. No existe un orden fijo.",no hay orden básico,2,Vallejos (2016:596),"No hay un orden fijo. Sin embargo, el orden no es libre. Está condicionado por el requerimiento de marcación de argumentos del verbo."
CONCORDANCIA,Existe evidencia de concordancia entre el verbo y alguno de sus argumentos,Sí = 1 ; No = 0,1,1,Fasut (1972:78),,0,2,Vallejos (2016:28),
CONCORDANCIA,Existe evidencia de concordancia entre el nombre y su adjetivo,Sí = 1 ; No = 0,0,1,Fasut (1972:35),La lengua no tiene adjetivos propiamente dichos. La función adjetival la cumplen algunos nombres. Estos no llevan marca de concordancia con el nombre. ,0,2,Vallejos (2016:116),La lengua no tiene adjetivos.
