CATEGORIA,CARACTERISTICA,indicaciones para el dodificador,Estado 1,certeza: 1: los datos no son conclusivos; 2: los datos son conclusivos,REFERENCIA,Comentarios,Estado 2,certeza: 1: los datos no son conclusivos; 2: los datos son conclusivos,REFERENCIA,Comentarios
SISTEMA PRONOMINAL,"Número de distinciones formales (léxicas/morfológicas) en la primera persona (género, número, inclusivo-exclusivo, etc.)","contar el número total de formas pronominales correspondientes (no contar las variaciones de caso asociadas a los pronombres) y codificar un número natural. Si no existe ninguna forma, indicar 0 y dejar la columna de certeza en blanco",2,2,Gabelentz 1841:15,,2,2,Hausenberg 1998:313,all pronominal forms are implicitly given throughout the text
SISTEMA PRONOMINAL,"Número de distinciones formales (léxicas/morfológicas) en la segunda persona (género, número, politeness, etc.)","contar el número total de formas pronominales correspondientes (no contar las variaciones de caso asociadas a los pronombres) y codificar un número natural. Si no existe ninguna forma, indicar 0 y dejar la columna de certeza en blanco",2,2,Gabelentz 1841:15,,2,2,Hausenberg 1998:313,
SISTEMA PRONOMINAL,"Número de distinciones formales (léxicas/morfológicas) en la tercera persona (género, número, obviativo-proximativo, etc.)","contar el número total de formas pronominales correspondientes (no contar las variaciones de caso asociadas a los pronombres) y codificar un número natural. Si no existe ninguna forma, indicar 0 y dejar la columna de certeza en blanco",2,2,Gabelentz 1841:15,,2,2,Hausenberg 1998:313,
CATEGORÍAS NOMINALES,Número total de casos gramaticales,"Si la lengua tiene una categoría de caso, consignar el número total de casos nominales listados en la gramatica como un número natural. Comprende casos nucleares y oblicuos, si la ausencia de caso tiene una interpretación (caso no marcado) se cuenta. Si la lengua no tiene caso nominal, indicar 0 y dejar en blanco la columna de certeza",13,2,Gabelentz 1841:6,"The missing cases seem to have grammaticalized from postpositions borrowed from Russian, see Gabelentz 1841:35, where various forms are given which resemble the missing cases, especially the comitative",17,2,Hausenberg 1998:312,"bound form, borrowed from Russian? See Gabelentz comment"
CATEGORÍAS NOMINALES,Número total de demostrativos espaciales,"Si la lengua tiene demostrativos espaciales, deicticos, consignar el número total de demostrativos espaciales listados en la gramatica como un número natural. Si la lengua no tiene demostrativos espaciales, indicar 0 y dejar en blanco la columna de certeza",2,1,Gabelentz 1841:20,"does only talk about proximate demonstrative, the distal is missing (but likely not missing in the language?)",3,2,Hausenberg 1998:314,
CATEGORÍAS NOMINALES,Existe evidencia de clasificadores numerales,Sí = 1 ; No = 0,0,2,,,0,2,,
CATEGORÍAS NOMINALES,Existe evidencia de clasificadores genitivos,Sí = 1 ; No = 0,0,2,,,0,2,,
CATEGORÍAS NOMINALES,Existe evidencia de clases nominales / géneros,Sí = 1 ; No = 0,0,2,,,0,2,,
CATEGORÍAS NOMINALES,La lengua distingue morfológicamente instrumental de comitativo,Sí = 1 ; No = 0,0,2,Gabelentz 1841:36,"missing comitative in his analysis; but he gives a free postposition which resembles the comitative case as analyzed by Hausenberg, borrowed from Russian which might have grammaticalized",1,2,Hausenberg 1998:312,Comitative grammaticalized from Russian
CATEGORÍAS NOMINALES,La lengua distingue morfológicamente posesion alienable de posesion inalienable,Sí = 1 ; No = 0,,,,,,,,
CATEGORÍAS NOMINALES,La lengua distingue morfológicamente locativo (en) de direccional (a/hacia),Sí = 1 ; No = 0,1,2,Gabelentz 1841:58,"illative, terminativ/transitive etc",1,2,Hausenberg 1998:312,"illative, transitive"
CATEGORÍAS NOMINALES,La lengua distingue morfológicamente locativo espacial de locativo temporal,Sí = 1 ; No = 0,0,2,Gabelentz 1841:56,inessive for both,0,2,Hausenberg 1998:312,"there’s an enassive case but without description, but most probably resembles the Gabelenth case"
CATEGORÍAS NOMINALES,La lengua distingue morfológicamente los dos objetos de una construccion ditransitiva,Sí = 1 ; No = 0,1,2,Gabelentz 1841:6,rich case system,1,2,Hausenberg 1998:312,rich case system
RELACIONES GRAMATICALES,"La lengua marca las funciones gramaticales de las FN (S, A, P) mediante caso",Sí = 1 ; No = 0,1,2,Gabelentz 1841:6,,1,2,Hausenberg 1998:312,rich case system
RELACIONES GRAMATICALES,"La lengua marca las funciones gramaticales de las FN (S, A, P) mediante marcas en el verbo",Sí = 1 ; No = 0,1,2,Gabelentz 1841:23,,1,2,Hausenberg 1998:316,person suffixes for subject
RELACIONES GRAMATICALES,"La lengua marca las funciones gramaticales de las FN (S, A, P) mediante orden de palabras",Sí = 1 ; No = 0,0,2,Gabelentz 1841:75,,0,2,Hausenberg 1998:321,
RELACIONES GRAMATICALES,Los pronombres muestran un alineamiento de tipo…,"Si la lengua tiene caso, consignar el alineamiento de caso de los pronombres. Jerárquico: marcación de objeto y sujeto basados en la jerarquía de persona 1 > 2 > 3. Si la lengua no tiene caso nominal, indicar 0 y dejar en blanco la columna de certeza.",nominativo-acusativo,2,Gabelentz 1841:15,,nominativo-acusativo,2,Hausenberg 1998:313,
RELACIONES GRAMATICALES,Los nombres muestran un alineamiento de tipo…,"Si la lengua tiene caso, consignar el alineamiento de caso de los nombres. Jerárquico: marcación de objeto y sujeto basados en la jerarquía de persona 1 > 2 > 3. Si la lengua no tiene caso nominal, indicar 0 y dejar en blanco la columna de certeza.",nominativo-acusativo,2,Gabelentz 1841:6,,nominativo-acusativo,2,Hausenberg 1998:312,
CATEGORÍAS VERBALES,Número de marcas morfológicas de tiempo y aspecto,"Consignar el número total de marcadores de tiempo y aspecto en la lengua y consignar un número natural. Si la lengua no tiene estos marcadores, entonces consignar 0 y dejar en blanco la columna de certeza",5,2,Gabelentz 1841:22,"3 tense, 2 aspect",5,2,Hausenberg 1998:315,
CATEGORÍAS VERBALES,Número de marcas morfológicas de evidencialidad ,"Consignar el número total de marcadores de evidencialidad en la lengua y consignar un número natural. Si la lengua no tiene estos marcadores, entonces consignar 0 y dejar en blanco la columna de certeza",0,,,,0,,,
CATEGORÍAS VERBALES,El interrogativo se distingue del declarativo mediante,"Indicar si existe una distinción formal entre oraciones indicativas/declarativas e interrogativas a partir de elementos morfológicos, prosódicos o ambos",morfología,2,Gabelentz 1841:43,does not talk about intonation and phonology,morfología,2,Hausenberg 1998:321,"both morphological and intonation:
 a question can be implied
purely by intonation, so that the stress falls on the focused word"
CATEGORÍAS VERBALES,Existen causativos morfológicos,Sí = 1 ; No = 0,,,,missing from analysis,1,2,Hausenberg 1998:317,
FONOLOGÍA,número de tonemas en la lengua (si la lengua tiene un rasgo de tono),"Consignar el número total de tonemas en la lengua con un número natural. Si la lengua no tiene tono, consignar 0 y dejar la columna de certeza en blanco",0,,,,0,,,
FONOLOGÍA,número total de consonantes,Consignar el número total de consonantes en la lengua con un número natural. ,22,1,Gabelentz 1841:3,taking the alphabet as base,26,1,Hausenberg 1998:309,9 palatal sounds seems werid
FONOLOGÍA,número total de vocales,Consignar el número total de vocales en la lengua con un número natural. ,7,2,Gabelentz 1841:3,"taking the alphabet as base, but this seems more reliable with vowels than with consonants",7,2,Hausenberg 1998:308,taking the literatre version as reference point because Gabelentz takes this as reference as well
FONOLOGÍA,número de vocales nasales,"Consignar el número total de vocales nasales en la lengua con un número natural. Si la lengua no tiene vocales nasales, consignar 0 y dejar la columna de certeza en blanco",0,,,,0,,,
ORDEN DE PALABRAS,orden relativo entre el adjetivo y el nombre en la frase nominal,"Indicar el orden relativo del nombre y el adjetivo dentro de una frase nominal, seleccionando una de las opciones en la lista despegable",Adj N ,2,Gabelentz 1841:75,,Adj N ,2,Hausenberg 1998:318,
ORDEN DE PALABRAS,orden relativo entre el modificador genitivo y el nombre en la frase nominal,"Indicar el orden relativo del nombre y el modificador genitivo dentro de una frase nominal, seleccionando una de las opciones de la lista desplegable",N GEN ,2,Gabelentz 1841:75,but orden of Possessor/possessum is flexible,N GEN ,2,Hausenberg 1998:319,
ORDEN DE PALABRAS,orden básico de palabras en la lengua,"Indicar el tipo de orden básico de constituyentes en oraciones declarativas a partir de la lista de opciones ofrecidas. ""no hay orden básico puede registrarse para los casos en los que se indica orden flexible o prágmáticamente orientado",no hay orden básico,2,Gabelentz 1841:75,"tendencia de VO, pero siempre flexible y sin preferencia para S",no hay orden básico,2,Hausenberg 1998:321,"“ the usual order being Sfubject] P redicate] 0[bject] A[dverbialj.
But any other order is possible, constraints applying only within the phrase.
Only the position of lhe nominal predicate after the subject is fixed:”"
CATEGORÍAS VERBALES,existe evidencia de concordancia entre el verbo y alguno de sus argumentos ,Sí = 1 ; No = 0,1,2,Gabelentz 1841:23,,1,2,Hausenberg 1998:316,person suffixes for subject
CATEGORÍAS NOMINALES,existe evidencia de concordancia entre el nombre y su adjetivo,Sí = 1 ; No = 0,1,2,Gabelentz 1841:13,case and number,0,2,Hausenberg 1998:318,no agreement
