CATEGORIA,CARACTERISTICA,indicaciones para el dodificador,Estado 1,certeza: 1: los datos no son conclusivos; 2: los datos son conclusivos,REFERENCIA,Comentarios,Estado 2,certeza: 1: los datos no son conclusivos; 2: los datos son conclusivos,REFERENCIA,Comentarios
SISTEMA PRONOMINAL,"Número de distinciones formales (léxicas/morfológicas) en la primera persona (género, número, inclusivo-exclusivo, etc.)","contar el número total de formas pronominales correspondientes (no contar las variaciones de caso asociadas a los pronombres) y codificar un número natural. Si no existe ninguna forma, indicar 0 y dejar la columna de certeza en blanco",6,1,Maingard 1962:17,"masc, fem, dual masc, pl indef + excl/incl in the last two",8,2,Meinhof 1930:43,"no excl/incl, but all forms attested as full forms, not clitics. Meinhof is very explicit about this; additional forms can be found in the vocabulary (incl/excl)"
SISTEMA PRONOMINAL,"Número de distinciones formales (léxicas/morfológicas) en la segunda persona (género, número, politeness, etc.)","contar el número total de formas pronominales correspondientes (no contar las variaciones de caso asociadas a los pronombres) y codificar un número natural. Si no existe ninguna forma, indicar 0 y dejar la columna de certeza en blanco",2,1,Maingard 1962:17,"full form only for sg mas/fem
Data based on texts and vocabulary, may not be complete",8,2,Meinhof 1930:43,
SISTEMA PRONOMINAL,"Número de distinciones formales (léxicas/morfológicas) en la tercera persona (género, número, obviativo-proximativo, etc.)","contar el número total de formas pronominales correspondientes (no contar las variaciones de caso asociadas a los pronombres) y codificar un número natural. Si no existe ninguna forma, indicar 0 y dejar la columna de certeza en blanco",2,1,Maingard 1962:17,"full form only for sg mas/fem, sg used for pl as well (implicit in text)",9,2,Meinhof 1930:43,
CATEGORÍAS NOMINALES,Número total de casos gramaticales,"Si la lengua tiene una categoría de caso, consignar el número total de casos nominales listados en la gramatica como un número natural. Comprende casos nucleares y oblicuos, si la ausencia de caso tiene una interpretación (caso no marcado) se cuenta. Si la lengua no tiene caso nominal, indicar 0 y dejar en blanco la columna de certeza",1,2,Maingard 1961:24,“subjektdeterminitiv” as ergative marker?,1,2,Meinhof 1930:40,there is an affix which is probably some kind of ergative predicative marker
CATEGORÍAS NOMINALES,Número total de demostrativos espaciales,"Si la lengua tiene demostrativos espaciales, deicticos, consignar el número total de demostrativos espaciales listados en la gramatica como un número natural. Si la lengua no tiene demostrativos espaciales, indicar 0 y dejar en blanco la columna de certeza",3,2,Maingard 1962:22,,2,2,Meinhof 1930:28," I”m K. fand ich nur he (hi) „dieser“ und //na”
"
CATEGORÍAS NOMINALES,Existe evidencia de clasificadores numerales,Sí = 1 ; No = 0,0,2,,,0,2,,
CATEGORÍAS NOMINALES,Existe evidencia de clasificadores genitivos,Sí = 1 ; No = 0,0,2,,,0,2,,
CATEGORÍAS NOMINALES,Existe evidencia de clases nominales / géneros,Sí = 1 ; No = 0,1,2,Maingard 1962:12,,1,2,Meinhof 1930:34,
CATEGORÍAS NOMINALES,La lengua distingue morfológicamente instrumental de comitativo,Sí = 1 ; No = 0,,,,,,,,
CATEGORÍAS NOMINALES,La lengua distingue morfológicamente posesion alienable de posesion inalienable,Sí = 1 ; No = 0,,,,,,,,
CATEGORÍAS NOMINALES,La lengua distingue morfológicamente locativo (en) de direccional (a/hacia),Sí = 1 ; No = 0,,1,,,,,,
CATEGORÍAS NOMINALES,La lengua distingue morfológicamente locativo espacial de locativo temporal,Sí = 1 ; No = 0,,,,,,,,
CATEGORÍAS NOMINALES,La lengua distingue morfológicamente los dos objetos de una construccion ditransitiva,Sí = 1 ; No = 0,0,2,Maingard 1962:18,,0,2,Meinhof 1930:44,
RELACIONES GRAMATICALES,"La lengua marca las funciones gramaticales de las FN (S, A, P) mediante caso",Sí = 1 ; No = 0,1,2,Maingard 1962:18,subject affixes on N and V,1,2,Meinhof 1930:44,attaching to N and V
RELACIONES GRAMATICALES,"La lengua marca las funciones gramaticales de las FN (S, A, P) mediante marcas en el verbo",Sí = 1 ; No = 0,1,2,Maingard 1962:18,subject affix,1,2,Meinhof 1930:44,"subject affix?
Both authors give the same incoherent analysis"
RELACIONES GRAMATICALES,"La lengua marca las funciones gramaticales de las FN (S, A, P) mediante orden de palabras",Sí = 1 ; No = 0,0,2,Maingard 1962:18,,0,2,Meinhof 1930:44,
RELACIONES GRAMATICALES,Los pronombres muestran un alineamiento de tipo…,"Si la lengua tiene caso, consignar el alineamiento de caso de los pronombres. Jerárquico: marcación de objeto y sujeto basados en la jerarquía de persona 1 > 2 > 3. Si la lengua no tiene caso nominal, indicar 0 y dejar en blanco la columna de certeza.",neutro,2,Maingard 1962:18,says they are only used as subjects but then gives various examples where they are used for objects as well,neutro,2,Meinhof 1930:44,"“Viele Formen bleiben im Objekt unverändert, “
la mayoria de formas no cambia ara ser objeto"
RELACIONES GRAMATICALES,Los nombres muestran un alineamiento de tipo…,"Si la lengua tiene caso, consignar el alineamiento de caso de los nombres. Jerárquico: marcación de objeto y sujeto basados en la jerarquía de persona 1 > 2 > 3. Si la lengua no tiene caso nominal, indicar 0 y dejar en blanco la columna de certeza.",neutro,2,Maingard 1962:16,,neutro,2,Meinhof 1930:44,
CATEGORÍAS VERBALES,Número de marcas morfológicas de tiempo y aspecto,"Consignar el número total de marcadores de tiempo y aspecto en la lengua y consignar un número natural. Si la lengua no tiene estos marcadores, entonces consignar 0 y dejar en blanco la columna de certeza",5,2,Maingard 1962:23,+ compound forms of these formatives,5,2,Meinhof 1930:51,"5 “tenses”, did not recognize aspect but gives the same forms; also compounding of forms"
CATEGORÍAS VERBALES,Número de marcas morfológicas de evidencialidad ,"Consignar el número total de marcadores de evidencialidad en la lengua y consignar un número natural. Si la lengua no tiene estos marcadores, entonces consignar 0 y dejar en blanco la columna de certeza",2,2,Maingard 1962:23,necessity and possibility,2,2,Meinhof 1930:53,same moods
CATEGORÍAS VERBALES,El interrogativo se distingue del declarativo mediante,"Indicar si existe una distinción formal entre oraciones indicativas/declarativas e interrogativas a partir de elementos morfológicos, prosódicos o ambos",,,,not mentioned,morfología,2,Meinhof 1930:61,clause-final particle
CATEGORÍAS VERBALES,Existen causativos morfológicos,Sí = 1 ; No = 0,1,2,Maingard 1962:32,-si,1,2,Meinhof 1930:48,
FONOLOGÍA,número de tonemas en la lengua (si la lengua tiene un rasgo de tono),"Consignar el número total de tonemas en la lengua con un número natural. Si la lengua no tiene tono, consignar 0 y dejar la columna de certeza en blanco",5,2,Maingard 1962:7,low mid high + raising +  falling,3,1,Meinhof 1930:22,"low, mid, high
menciona “cambios”, pero dice que no están investigados todavia, probablemente se refiere a raising/falling"
FONOLOGÍA,número total de consonantes,Consignar el número total de consonantes en la lengua con un número natural. ,22,2,Maingard 1962:3,4  clicks,22,2,Meinhof 1930:22ff,"4 clicks
he Did not count h as phoneme but is clearly present and part of his description"
FONOLOGÍA,número total de vocales,Consignar el número total de vocales en la lengua con un número natural. ,6,2,Maingard 1962:3-4,,5,2,Meinhof 1930:28,"only 5 are given, but the possibilities of distinguishing two “e” is discussed, but no distinctiveness is attested"
FONOLOGÍA,número de vocales nasales,"Consignar el número total de vocales nasales en la lengua con un número natural. Si la lengua no tiene vocales nasales, consignar 0 y dejar la columna de certeza en blanco",5,2,Maingard 1962:3,all vowels but schwa can be nasalized,5,2,Meinhof 1930:28,
ORDEN DE PALABRAS,orden relativo entre el adjetivo y el nombre en la frase nominal,"Indicar el orden relativo del nombre y el adjetivo dentro de una frase nominal, seleccionando una de las opciones en la lista despegable",Adj N ,2,Maingard 1962:16,implicit from examples,Adj N ,2,Meinhof 1930:41,postnominal Adj are possible but seem to be predicative (or reverse dependency)
ORDEN DE PALABRAS,orden relativo entre el modificador genitivo y el nombre en la frase nominal,"Indicar el orden relativo del nombre y el modificador genitivo dentro de una frase nominal, seleccionando una de las opciones de la lista desplegable",,,,no mention of possessive construction,GEN N ,2,Meinhof 1930:40,
ORDEN DE PALABRAS,orden básico de palabras en la lengua,"Indicar el tipo de orden básico de constituyentes en oraciones declarativas a partir de la lista de opciones ofrecidas. ""no hay orden básico puede registrarse para los casos en los que se indica orden flexible o prágmáticamente orientado",SOV ,2,Maingard 1962:37,,,,"Meinhof 1930:44 (VOS)
Meinhof 1930:60 (SV, TopV)","no coherent evidence, once VS is mentioned, at other place VOS"
CATEGORÍAS VERBALES,existe evidencia de concordancia entre el verbo y alguno de sus argumentos ,Sí = 1 ; No = 0,1,2,Maingard 1962:18,subject affix,1,2,Meinhof 1930:44,
CATEGORÍAS NOMINALES,existe evidencia de concordancia entre el nombre y su adjetivo,Sí = 1 ; No = 0,0,2,Maingard 1962:16,"only case-agr in VERY special occasions but not on a general level: “In one or two instances the adjective has the same suffix 3 rd person personal pronoun as the noun it qualifies especially with terms o f family relationship.
“",0,2,Meinhof 1930:41,
