CATEGORIA,CARACTERISTICA,indicaciones para el dodificador,Estado 1,certeza: 1: los datos no son conclusivos; 2: los datos son conclusivos,REFERENCIA,Comentarios,Estado 2,certeza: 1: los datos no son conclusivos; 2: los datos son conclusivos,REFERENCIA,Comentarios
SISTEMA PRONOMINAL,"Número de distinciones formales (léxicas/morfológicas) en la primera persona (género, número, inclusivo-exclusivo, etc.)","contar el número total de formas pronominales correspondientes (no contar las variaciones de caso asociadas a los pronombres) y codificar un número natural. Si no existe ninguna forma, indicar 0 y dejar la columna de certeza en blanco",3,2,Mainwaring (1876:33-34),"Singular, dual y plural. ",3,2,Plaiser (2003:711),"Singular, dual y plural. "
SISTEMA PRONOMINAL,"Número de distinciones formales (léxicas/morfológicas) en la segunda persona (género, número, politeness, etc.)","contar el número total de formas pronominales correspondientes (no contar las variaciones de caso asociadas a los pronombres) y codificar un número natural. Si no existe ninguna forma, indicar 0 y dejar la columna de certeza en blanco",3,2,Mainwaring (1876:33-34),"Singular, dual y plural. ",3,2,Plaiser (2003:711),"Singular, dual y plural. "
SISTEMA PRONOMINAL,"Número de distinciones formales (léxicas/morfológicas) en la tercera persona (género, número, obviativo-proximativo, etc.)","contar el número total de formas pronominales correspondientes (no contar las variaciones de caso asociadas a los pronombres) y codificar un número natural. Si no existe ninguna forma, indicar 0 y dejar la columna de certeza en blanco",3,2,Mainwaring (1876:35),"Singular, dual y plural. ",3,2,Plaiser (2003:711),"Singular, dual y plural. "
CATEGORÍAS NOMINALES,Número total de casos gramaticales,"Si la lengua tiene una categoría de caso, consignar el número total de casos nominales listados en la gramatica como un número natural. Comprende casos nucleares y oblicuos, si la ausencia de caso tiene una interpretación (caso no marcado) se cuenta. Si la lengua no tiene caso nominal, indicar 0 y dejar en blanco la columna de certeza",6,1,Mainwaring (1876:28),"El autor afirma que los casos nominativo y ""objetivo"" (posiblemente P) permanecen no marcados. Las formas morfológicas con las que se asignan los casos instrumental, dativo, acusativo y vocativo son referidos como preposiciones.  Aparentemente también hay una marca genitiva en los pronombres. Sin embargo, este caso no es consignado en la lista de casos nominales. ",7,2,Plaiser (2003:709-711),"La lengua presenta seis sufijos de caso: LOC,ABL,NOM,GEN,DAT, INST y COM. Los sufijos  de ablativo y genitivo son polifuncionales. Su significado varía en función a la semántica del nombre al que se le sufija. "
CATEGORÍAS NOMINALES,Número total de demostrativos espaciales,"Si la lengua tiene demostrativos espaciales, deicticos, consignar el número total de demostrativos espaciales listados en la gramatica como un número natural. Si la lengua no tiene demostrativos espaciales, indicar 0 y dejar en blanco la columna de certeza",2,1,Mainwaring (1876:43),Dos demostrativos básicos que se pueden presentar flexión de caso. ,14,2,Plaiser (2003:712),
CATEGORÍAS NOMINALES,Existe evidencia de clasificadores numerales,Sí = 1 ; No = 0,1,2,Mainwaring (1876:27),"Singular, dual y plural.",1,2,Plaiser (2003:708),Plaiser especifica que no ha encontrado el Dual. Aparente simplificación. 
CATEGORÍAS NOMINALES,Existe evidencia de clasificadores genitivos,Sí = 1 ; No = 0,0,,,,1,1,Plaiser (2003:710),
CATEGORÍAS NOMINALES,Existe evidencia de clases nominales / géneros,Sí = 1 ; No = 0,1,2,Mainwaring (1876:24),,0,2,Plaiser (2003:707),
CATEGORÍAS NOMINALES,La lengua distingue morfológicamente instrumental de comitativo,Sí = 1 ; No = 0,1,1,Mainwaring (1876:32),No se encuentra una marca específica para el comitativo.,1,2,Plaiser (2003:711),El comitativo y el genitivo (que tiene usos instrumentales) alternan mas o menos libremente. 
CATEGORÍAS NOMINALES,La lengua distingue morfológicamente posesion alienable de posesion inalienable,Sí = 1 ; No = 0,,,,,,,,
CATEGORÍAS NOMINALES,La lengua distingue morfológicamente locativo (en) de direccional (a/hacia),Sí = 1 ; No = 0,0,,Mainwaring (1876:28),No se encuentra una marca específica para el direccional.,0,2,Plaiser (2003:711),
CATEGORÍAS NOMINALES,La lengua distingue morfológicamente locativo espacial de locativo temporal,Sí = 1 ; No = 0,,,,Datos insuficientes. ,1,1,Plaiser (2003:712),El locativo temporal se puede marcar con el ablativo. 
CATEGORÍAS NOMINALES,La lengua distingue morfológicamente los dos objetos de una construccion ditransitiva,Sí = 1 ; No = 0,,,,Datos insuficientes. ,,,,
RELACIONES GRAMATICALES,"La lengua marca las funciones gramaticales de las FN (S, A, P) mediante caso",Sí = 1 ; No = 0,,,,La gramática no presenta ni los datos ni la legibilidad suficiente para extraer información sobre relaciones gramaticales. ,1,1,Plaiser (2003),Inferencia a partir de los ejemplos del texto. 
RELACIONES GRAMATICALES,"La lengua marca las funciones gramaticales de las FN (S, A, P) mediante marcas en el verbo",Sí = 1 ; No = 0,,,,La gramática no presenta ni los datos ni la legibilidad suficiente para extraer información sobre relaciones gramaticales. ,0,1,Plaiser (2003),Inferencia a partir de los ejemplos del texto. 
RELACIONES GRAMATICALES,"La lengua marca las funciones gramaticales de las FN (S, A, P) mediante orden de palabras",Sí = 1 ; No = 0,1,,,La gramática no presenta ni los datos ni la legibilidad suficiente para extraer información sobre relaciones gramaticales. ,1,1,Plaiser (2003),Inferencia a partir de los ejemplos del texto. 
RELACIONES GRAMATICALES,Los pronombres muestran un alineamiento de tipo…,"Si la lengua tiene caso, consignar el alineamiento de caso de los pronombres. Jerárquico: marcación de objeto y sujeto basados en la jerarquía de persona 1 > 2 > 3. Si la lengua no tiene caso nominal, indicar 0 y dejar en blanco la columna de certeza.",,,,La gramática no presenta ni los datos ni la legibilidad suficiente para extraer información sobre relaciones gramaticales. ,,,,
RELACIONES GRAMATICALES,Los nombres muestran un alineamiento de tipo…,"Si la lengua tiene caso, consignar el alineamiento de caso de los nombres. Jerárquico: marcación de objeto y sujeto basados en la jerarquía de persona 1 > 2 > 3. Si la lengua no tiene caso nominal, indicar 0 y dejar en blanco la columna de certeza.",,,,La gramática no presenta ni los datos ni la legibilidad suficiente para extraer información sobre relaciones gramaticales. ,ergativo-absolutivo,1,Plaiser (2003),"Inferencia a partir de ejemplos. Además, el ablativo se consigna a veces de función ergativa. "
CATEGORÍAS VERBALES,Número de marcas morfológicas de tiempo y aspecto,"Consignar el número total de marcadores de tiempo y aspecto en la lengua y consignar un número natural. Si la lengua no tiene estos marcadores, entonces consignar 0 y dejar en blanco la columna de certeza",11,1,Mainwaring (1876:44-49),"La forma indicativa del presente se marca con un verbo auxiliar de quietud. La lengua presenta marcas diferenciadas para indicativo, subjuntivo y participio. Tres en el primer modo (presente, pasado y futuro), tres en el segundo (presente, pasado y futuro) y cinco en el tercero (presente, pasado y tres formas de futuro). Cada forma es morfológicamente distinta por lo que se consideran 11 marcas morfológicas. ",4,1,Plaiser (2003:713),El tiempo y el aspecto pueden marcarse con verbos auxiliares afijados. 
CATEGORÍAS VERBALES,Número de marcas morfológicas de evidencialidad ,"Consignar el número total de marcadores de evidencialidad en la lengua y consignar un número natural. Si la lengua no tiene estos marcadores, entonces consignar 0 y dejar en blanco la columna de certeza",0,,,La gramática no presenta ni los datos ni la legibilidad suficiente para extraer información sobre relaciones gramaticales. ,,,,
CATEGORÍAS VERBALES,El interrogativo se distingue del declarativo mediante,"Indicar si existe una distinción formal entre oraciones indicativas/declarativas e interrogativas a partir de elementos morfológicos, prosódicos o ambos",1,1,Mainwaring (1876:44-42),,1,2,Plaiser (2003:712),Se usan partículas interrogativas. 
CATEGORÍAS VERBALES,Existen causativos morfológicos,Sí = 1 ; No = 0,0,2,Mainwaring (1876:93),La causación se marca con verbos independientes causativos. ,,,,
FONOLOGÍA,número de tonemas en la lengua (si la lengua tiene un rasgo de tono),"Consignar el número total de tonemas en la lengua con un número natural. Si la lengua no tiene tono, consignar 0 y dejar la columna de certeza en blanco",0,,,Aparentemente es una lengua sin tono sin embargo hay una notable cantidad de diacríticos.,0,1,Plaiser (2003:706),
FONOLOGÍA,número total de consonantes,Consignar el número total de consonantes en la lengua con un número natural. ,35,1,Mainwaring (1876:26),,32,2,Plaiser (2003:706),
FONOLOGÍA,número total de vocales,Consignar el número total de vocales en la lengua con un número natural. ,8,2,Mainwaring (1876:27),,8,2,Plaiser (2003:706),
FONOLOGÍA,número de vocales nasales,"Consignar el número total de vocales nasales en la lengua con un número natural. Si la lengua no tiene vocales nasales, consignar 0 y dejar la columna de certeza en blanco",0,1,Mainwaring (1876:26),"Podrían, sin embargo, ser solo cuatro. La descripción es sumamente confusa.",0,2,Plaiser (2003:706),
ORDEN DE PALABRAS,orden relativo entre el adjetivo y el nombre en la frase nominal,"Indicar el orden relativo del nombre y el adjetivo dentro de una frase nominal, seleccionando una de las opciones en la lista despegable",N Adj ,2,Mainwaring (1876:31),,Adj N ,1,Plaiser (2003),Inferencia a partir de los ejemplos del texto. 
ORDEN DE PALABRAS,orden relativo entre el modificador genitivo y el nombre en la frase nominal,"Indicar el orden relativo del nombre y el modificador genitivo dentro de una frase nominal, seleccionando una de las opciones de la lista desplegable",GEN N ,1,Mainwaring (1876:121),,GEN N ,2,Plaiser (2003:710),
ORDEN DE PALABRAS,orden básico de palabras en la lengua,"Indicar el tipo de orden básico de constituyentes en oraciones declarativas a partir de la lista de opciones ofrecidas. ""no hay orden básico puede registrarse para los casos en los que se indica orden flexible o prágmáticamente orientado",SOV ,2,Mainwaring (1876:119),,SOV ,2,Plaiser (2003),Inferencia a partir de los ejemplos del texto. 
CONCORDANCIA,Existe evidencia de concordancia entre el verbo y alguno de sus argumentos,Sí = 1 ; No = 0,0,1,Mainwaring (1876:44),Verbs do not take declension of gender or number'. No hay información suficiente para establecer concordancia argumental.,0,2,Plaiser (2003:712),
CONCORDANCIA,Existe evidencia de concordancia entre el nombre y su adjetivo,Sí = 1 ; No = 0,1,1,Mainwaring (1876:31),Adjectives are declined in the same way the nouns they modify are',0,2,Plaiser (2003:707),Nouns (...) show no agreement with (...) adjectives'.
