CATEGORIA,CARACTERISTICA,indicaciones para el dodificador,Estado 1,certeza: 1: los datos no son conclusivos; 2: los datos son conclusivos,REFERENCIA,Comentarios,Estado 2,certeza: 1: los datos no son conclusivos; 2: los datos son conclusivos,REFERENCIA,Comentarios
SISTEMA PRONOMINAL,"Número de distinciones formales (léxicas/morfológicas) en la primera persona (género, número, inclusivo-exclusivo, etc.)","contar el número total de formas pronominales correspondientes (no contar las variaciones de caso asociadas a los pronombres) y codificar un número natural. Si no existe ninguna forma, indicar 0 y dejar la columna de certeza en blanco",2,2,Cervaux 1882:187,"Cervaux mixes all pronouns, but the forms can be analyzed reliably;",2,2,Pet 2011:12,
SISTEMA PRONOMINAL,"Número de distinciones formales (léxicas/morfológicas) en la segunda persona (género, número, politeness, etc.)","contar el número total de formas pronominales correspondientes (no contar las variaciones de caso asociadas a los pronombres) y codificar un número natural. Si no existe ninguna forma, indicar 0 y dejar la columna de certeza en blanco",2,2,Cervaux 1882:187,,2,2,Pet 2011:12,
SISTEMA PRONOMINAL,"Número de distinciones formales (léxicas/morfológicas) en la tercera persona (género, número, obviativo-proximativo, etc.)","contar el número total de formas pronominales correspondientes (no contar las variaciones de caso asociadas a los pronombres) y codificar un número natural. Si no existe ninguna forma, indicar 0 y dejar la columna de certeza en blanco",3,2,Cervaux 1882:187,Cervaux mistakes an article as 4th pronoun his non-male is the non-human pronoun,3,2,Pet 2011:12,
CATEGORÍAS NOMINALES,Número total de casos gramaticales,"Si la lengua tiene una categoría de caso, consignar el número total de casos nominales listados en la gramatica como un número natural. Comprende casos nucleares y oblicuos, si la ausencia de caso tiene una interpretación (caso no marcado) se cuenta. Si la lengua no tiene caso nominal, indicar 0 y dejar en blanco la columna de certeza",0,2,Cervaux 1882:169,"no case, onlz postpositions for obliques: “Die Declination eines Wortes an sich verursacht im Arawakischen keine Veränderung desselben”",0,2,Pet 2011:12,“gramatical case roles are not distinguished morphologically”; some oblique postpositions
CATEGORÍAS NOMINALES,Número total de demostrativos espaciales,"Si la lengua tiene demostrativos espaciales, deicticos, consignar el número total de demostrativos espaciales listados en la gramatica como un número natural. Si la lengua no tiene demostrativos espaciales, indicar 0 y dejar en blanco la columna de certeza",15,1,,"No reliable seperation from possessive and demonstrative pronouns can be made, but the set seems equally complex than that of Pet",15,2,Pet 2011:15,3 animacy and 5 proximacy levels
CATEGORÍAS NOMINALES,Existe evidencia de clasificadores numerales,Sí = 1 ; No = 0,0,2,Cervaux 1882:180,no classifiers;,0,2,,
CATEGORÍAS NOMINALES,Existe evidencia de clasificadores genitivos,Sí = 1 ; No = 0,0,2,,,0,2,,
CATEGORÍAS NOMINALES,Existe evidencia de clases nominales / géneros,Sí = 1 ; No = 0,1,2,Cervaux 1882:169,“only 2” - does not talk about animacy,1,2,Pet 2011:18,"m/f, animacy also plays a role"
CATEGORÍAS NOMINALES,La lengua distingue morfológicamente instrumental de comitativo,Sí = 1 ; No = 0,0,1,,not mentioned,0,2,Pet 2011:21,"""abo” as instrumentral and comitative"
CATEGORÍAS NOMINALES,La lengua distingue morfológicamente posesion alienable de posesion inalienable,Sí = 1 ; No = 0,,,,not mentioned,1,2,Pet 2011:16,
CATEGORÍAS NOMINALES,La lengua distingue morfológicamente locativo (en) de direccional (a/hacia),Sí = 1 ; No = 0,,,,not mentioned,1,2,Pet 2011:46,rich postposition inventory
CATEGORÍAS NOMINALES,La lengua distingue morfológicamente locativo espacial de locativo temporal,Sí = 1 ; No = 0,,,,not mentioned,1,2,Pet 2011:46,rich postposition inventory
CATEGORÍAS NOMINALES,La lengua distingue morfológicamente los dos objetos de una construccion ditransitiva,Sí = 1 ; No = 0,1,2,Crevaux 1882:169,dative postp,1,2,Pet 2011:46,rich postposition inventory (indirect object with benefactive)
RELACIONES GRAMATICALES,"La lengua marca las funciones gramaticales de las FN (S, A, P) mediante caso",Sí = 1 ; No = 0,0,2,Crevaux 1882:197,,0,2,Pet 2011:12,“gramatical case roles are not distinguished morphologically”
RELACIONES GRAMATICALES,"La lengua marca las funciones gramaticales de las FN (S, A, P) mediante marcas en el verbo",Sí = 1 ; No = 0,1,2,Crevaux 1882:197,enclitics,1,2,Pet 2011:13,"primarily marked on the V; some forms are bound, others are not"
RELACIONES GRAMATICALES,"La lengua marca las funciones gramaticales de las FN (S, A, P) mediante orden de palabras",Sí = 1 ; No = 0,0,2,Crevaux 1882:197,,0,2,Pet 2011:13,"primarily marked on the V; some forms are bound, others are not"
RELACIONES GRAMATICALES,Los pronombres muestran un alineamiento de tipo…,"Si la lengua tiene caso, consignar el alineamiento de caso de los pronombres. Jerárquico: marcación de objeto y sujeto basados en la jerarquía de persona 1 > 2 > 3. Si la lengua no tiene caso nominal, indicar 0 y dejar en blanco la columna de certeza.",neutro,2,Crevaux 1882:169,,neutro,2,Pet 2011:13,"some forms seem to show Nom-Acc, but distinction is difficult because some forms are bound and others are not (free forms do not seem to vary)"
RELACIONES GRAMATICALES,Los nombres muestran un alineamiento de tipo…,"Si la lengua tiene caso, consignar el alineamiento de caso de los nombres. Jerárquico: marcación de objeto y sujeto basados en la jerarquía de persona 1 > 2 > 3. Si la lengua no tiene caso nominal, indicar 0 y dejar en blanco la columna de certeza.",neutro,2,Crevaux 1882:169,,neutro,2,Pet 2011:12,“gramatical case roles are not distinguished morphologically”
CATEGORÍAS VERBALES,Número de marcas morfológicas de tiempo y aspecto,"Consignar el número total de marcadores de tiempo y aspecto en la lengua y consignar un número natural. Si la lengua no tiene estos marcadores, entonces consignar 0 y dejar en blanco la columna de certeza",2,1,Cervaux 1882:197,really bad analysis of TAM,5,2,Pet 2011:31,
CATEGORÍAS VERBALES,Número de marcas morfológicas de evidencialidad ,"Consignar el número total de marcadores de evidencialidad en la lengua y consignar un número natural. Si la lengua no tiene estos marcadores, entonces consignar 0 y dejar en blanco la columna de certeza",0,,Cervaux 1882:197,,0,,Pet 2011:31,
CATEGORÍAS VERBALES,El interrogativo se distingue del declarativo mediante,"Indicar si existe una distinción formal entre oraciones indicativas/declarativas e interrogativas a partir de elementos morfológicos, prosódicos o ambos",,,,not mentioned,prosodia,2,Pet 2011:60,Speaking them with a sentence-final rising intonation can change any sentence into a yes-no question.”
CATEGORÍAS VERBALES,Existen causativos morfológicos,Sí = 1 ; No = 0,1,2,Cervaux 1882:195,“?Hiphil ratione significatus” - form and meaning corresponds to that of Pet,1,2,Pet 2011:37,
FONOLOGÍA,número de tonemas en la lengua (si la lengua tiene un rasgo de tono),"Consignar el número total de tonemas en la lengua con un número natural. Si la lengua no tiene tono, consignar 0 y dejar la columna de certeza en blanco",0,,,,0,,,
FONOLOGÍA,número total de consonantes,Consignar el número total de consonantes en la lengua con un número natural. ,14,1,Cervaux 1882:167,"he gives 19 “letters”, not phonemes; count is definetly not reliable",22,2,Pet 2011:8,
FONOLOGÍA,número total de vocales,Consignar el número total de vocales en la lengua con un número natural. ,5,1,,"“ Die Arawaken haben in ihrer Sprache aus den ordinairen Alphabet, folgende 19 Buchstaben: a, b, d, e, g, A, i, A, /, m, n, 0, p, q, r, s, f, ii, »>. “",10,2,Pet 2011:8,
FONOLOGÍA,número de vocales nasales,"Consignar el número total de vocales nasales en la lengua con un número natural. Si la lengua no tiene vocales nasales, consignar 0 y dejar la columna de certeza en blanco",0,,,,0,2,Pet 2011:8,"only phonological, not phonemic nasalization"
ORDEN DE PALABRAS,orden relativo entre el adjetivo y el nombre en la frase nominal,"Indicar el orden relativo del nombre y el adjetivo dentro de una frase nominal, seleccionando una de las opciones en la lista despegable",,,Cervaux 1882:175,"stative verbs: “Ihre Adjectiva kommen von den Verbis her, und sind eigentlich Participia von denselbigen”",,,Pet 2011:115,“There appear to be no descriptive adjectives in Arawak; almost all concepts which would be expressed by adjectives in English are expressed by means of stative verbs in Arawak.”
ORDEN DE PALABRAS,orden relativo entre el modificador genitivo y el nombre en la frase nominal,"Indicar el orden relativo del nombre y el modificador genitivo dentro de una frase nominal, seleccionando una de las opciones de la lista desplegable",GEN N ,2,Cervaux 1882:188,no genitive,GEN N ,2,Pet 2011:52,no morphological genitive
ORDEN DE PALABRAS,orden básico de palabras en la lengua,"Indicar el tipo de orden básico de constituyentes en oraciones declarativas a partir de la lista de opciones ofrecidas. ""no hay orden básico puede registrarse para los casos en los que se indica orden flexible o prágmáticamente orientado",SVO ,2,Cervaux 1882:219,,SVO ,2,Pet 2011:26,"S is mostly expressed on the V, however"
CATEGORÍAS VERBALES,existe evidencia de concordancia entre el verbo y alguno de sus argumentos ,Sí = 1 ; No = 0,1,2,Crevaux 1882:197,enclitics,1,2,Pet 2011:13,
CATEGORÍAS NOMINALES,existe evidencia de concordancia entre el nombre y su adjetivo,Sí = 1 ; No = 0,,,,no real adjectives,,,,no real adjectives
