CATEGORIA,CARACTERISTICA,indicaciones para el dodificador,Estado 1,certeza: 1: los datos no son conclusivos; 2: los datos son conclusivos,REFERENCIA,Comentarios,Estado 2,certeza: 1: los datos no son conclusivos; 2: los datos son conclusivos,REFERENCIA,Comentarios,
SISTEMA PRONOMINAL,"Número de distinciones formales (léxicas/morfológicas) en la primera persona (género, número, inclusivo-exclusivo, etc.)","contar el número total de formas pronominales correspondientes (no contar las variaciones de caso asociadas a los pronombres) y codificar un número natural. Si no existe ninguna forma, indicar 0 y dejar la columna de certeza en blanco",5,2,Capell 1962:102,,5,2,Cutfield 2011:394,,
SISTEMA PRONOMINAL,"Número de distinciones formales (léxicas/morfológicas) en la segunda persona (género, número, politeness, etc.)","contar el número total de formas pronominales correspondientes (no contar las variaciones de caso asociadas a los pronombres) y codificar un número natural. Si no existe ninguna forma, indicar 0 y dejar la columna de certeza en blanco",3,2,Capell 1962:102,,3,2,Cutfield 2011:394,,
SISTEMA PRONOMINAL,"Número de distinciones formales (léxicas/morfológicas) en la tercera persona (género, número, obviativo-proximativo, etc.)","contar el número total de formas pronominales correspondientes (no contar las variaciones de caso asociadas a los pronombres) y codificar un número natural. Si no existe ninguna forma, indicar 0 y dejar la columna de certeza en blanco",3,2,Capell 1962:102,,3,2,Cutfield 2011:394,,
CATEGORÍAS NOMINALES,Número total de casos gramaticales,"Si la lengua tiene una categoría de caso, consignar el número total de casos nominales listados en la gramatica como un número natural. Comprende casos nucleares y oblicuos, si la ausencia de caso tiene una interpretación (caso no marcado) se cuenta. Si la lengua no tiene caso nominal, indicar 0 y dejar en blanco la columna de certeza",10,2,Capell 1962:110,,,,,no reliable analisis of role marking apart frm nuclear cases is given,
CATEGORÍAS NOMINALES,Número total de demostrativos espaciales,"Si la lengua tiene demostrativos espaciales, deicticos, consignar el número total de demostrativos espaciales listados en la gramatica como un número natural. Si la lengua no tiene demostrativos espaciales, indicar 0 y dejar en blanco la columna de certeza",8,1,Capell 1962:105,"one form (“gunuldi”) which is not attested all with Cutfield. However, no examples are given to start comparisons and it seems to be more of a predicative marker than a spatial demonstrative",7,2,Cutfield 2011:183,"its what the whole PHD is about, so its a very complex topic; argues that the missing marker is a predicative marker “this is the...that”",
CATEGORÍAS NOMINALES,Existe evidencia de clasificadores numerales,Sí = 1 ; No = 0,0,2,,,0,2,,,
CATEGORÍAS NOMINALES,Existe evidencia de clasificadores genitivos,Sí = 1 ; No = 0,0,2,Capell 1962:73,,0,2,Cutfield 2011:28,"does even misgloss genitive as dative...but is reconstructable from text, no classifier there",
CATEGORÍAS NOMINALES,Existe evidencia de clases nominales / géneros,Sí = 1 ; No = 0,0,2,Capell 1962:92,without noun classes,0,2,Cutfield 2011:30,"the loss of the proto Gunwinyguan gender system, is well attested",
CATEGORÍAS NOMINALES,La lengua distingue morfológicamente instrumental de comitativo,Sí = 1 ; No = 0,1,2,Capell 1962:111,,1,2,Cutfield 2011:35,both as applicatives and on nouns,
CATEGORÍAS NOMINALES,La lengua distingue morfológicamente posesion alienable de posesion inalienable,Sí = 1 ; No = 0,,,,not mentioned,,,,not mentioned,
CATEGORÍAS NOMINALES,La lengua distingue morfológicamente locativo (en) de direccional (a/hacia),Sí = 1 ; No = 0,1,2,Capell 1962:110,,1,2,Cutfield 2011:127,,
CATEGORÍAS NOMINALES,La lengua distingue morfológicamente locativo espacial de locativo temporal,Sí = 1 ; No = 0,0,2,Capell 1962:110,,0,2,Cutfield 2011:128,,
CATEGORÍAS NOMINALES,La lengua distingue morfológicamente los dos objetos de una construccion ditransitiva,Sí = 1 ; No = 0,1,2,Capell 1962:110,dative and other cases,1,2,Cutfield 2011:31,"Optional affixes for goals, sources etc",
RELACIONES GRAMATICALES,"La lengua marca las funciones gramaticales de las FN (S, A, P) mediante caso",Sí = 1 ; No = 0,1,2,Capell 1962:110,,1,2,Cutfield 2011:31,“Core grammatical functions are indexed as pronominal proclitics on the verb”,but theres also an ergative/instrumental marker which Cutfield only mentions apart
RELACIONES GRAMATICALES,"La lengua marca las funciones gramaticales de las FN (S, A, P) mediante marcas en el verbo",Sí = 1 ; No = 0,1,2,Capell 1962:102,,1,2,Cutfield 2011:31,“Core grammatical functions are indexed as pronominal proclitics on the verb”,
RELACIONES GRAMATICALES,"La lengua marca las funciones gramaticales de las FN (S, A, P) mediante orden de palabras",Sí = 1 ; No = 0,0,2,Capell 1962:102,,0,2,Cutfield 2011:31,“Core grammatical functions are indexed as pronominal proclitics on the verb”,
RELACIONES GRAMATICALES,Los pronombres muestran un alineamiento de tipo…,"Si la lengua tiene caso, consignar el alineamiento de caso de los pronombres. Jerárquico: marcación de objeto y sujeto basados en la jerarquía de persona 1 > 2 > 3. Si la lengua no tiene caso nominal, indicar 0 y dejar en blanco la columna de certeza.",ergativo-absolutivo,2,Capell 1962:102,,ergativo-absolutivo,2,Cutfield 2011:395,"analysis only implicit from appendix, how can you mention something like this not in the main part of the thesis? wtf",
RELACIONES GRAMATICALES,Los nombres muestran un alineamiento de tipo…,"Si la lengua tiene caso, consignar el alineamiento de caso de los nombres. Jerárquico: marcación de objeto y sujeto basados en la jerarquía de persona 1 > 2 > 3. Si la lengua no tiene caso nominal, indicar 0 y dejar en blanco la columna de certeza.",ergativo-absolutivo,2,Capell 1962:110,ergative/instrumental marker,ergativo-absolutivo,2,Cutfield 2011:84,Cutfield presents -yah as ergative/instrumental marker,
CATEGORÍAS VERBALES,Número de marcas morfológicas de tiempo y aspecto,"Consignar el número total de marcadores de tiempo y aspecto en la lengua y consignar un número natural. Si la lengua no tiene estos marcadores, entonces consignar 0 y dejar en blanco la columna de certeza",5,2,Capell 1962:115,,5,2,Cutfield 2011:37,Speaks about TAM categories but only gives tense categories,
CATEGORÍAS VERBALES,Número de marcas morfológicas de evidencialidad ,"Consignar el número total de marcadores de evidencialidad en la lengua y consignar un número natural. Si la lengua no tiene estos marcadores, entonces consignar 0 y dejar en blanco la columna de certeza",0,,,,0,,,,
CATEGORÍAS VERBALES,El interrogativo se distingue del declarativo mediante,"Indicar si existe una distinción formal entre oraciones indicativas/declarativas e interrogativas a partir de elementos morfológicos, prosódicos o ambos",morfología,2,Capell 1962:108,,,,,not mentioned,
CATEGORÍAS VERBALES,Existen causativos morfológicos,Sí = 1 ; No = 0,0,2,Capell 1962:112,"there is a detransitivizer discussed,but probably no causative morphology",,,,not mentioned,
FONOLOGÍA,número de tonemas en la lengua (si la lengua tiene un rasgo de tono),"Consignar el número total de tonemas en la lengua con un número natural. Si la lengua no tiene tono, consignar 0 y dejar la columna de certeza en blanco",0,,,,0,,,,
FONOLOGÍA,número total de consonantes,Consignar el número total de consonantes en la lengua con un número natural. ,19,2,Capell 1962:93,interdental  nasal which is not present with Cutfield,18,2,"Cutfield 2011:xiii
",,
FONOLOGÍA,número total de vocales,Consignar el número total de vocales en la lengua con un número natural. ,6,2,Capell 1962:94,,6,2,"Cutfield 2011:xiii
","some speakers use a 6th vowel, but seems to merge with / u /",
FONOLOGÍA,número de vocales nasales,"Consignar el número total de vocales nasales en la lengua con un número natural. Si la lengua no tiene vocales nasales, consignar 0 y dejar la columna de certeza en blanco",0,,,,0,,,,
ORDEN DE PALABRAS,orden relativo entre el adjetivo y el nombre en la frase nominal,"Indicar el orden relativo del nombre y el adjetivo dentro de una frase nominal, seleccionando una de las opciones en la lista despegable",N Adj ,2,Capell 1962:104,Are adjectives really an own PoS class?,N Adj ,2,Cutfield 2011:91,Unclear whether adjectives exist as different from Nouns,
ORDEN DE PALABRAS,orden relativo entre el modificador genitivo y el nombre en la frase nominal,"Indicar el orden relativo del nombre y el modificador genitivo dentro de una frase nominal, seleccionando una de las opciones de la lista desplegable",N GEN ,2,Capell 1962:110,,N GEN ,2,Cutfield 2011:28,"talking about genitive on the dependent and GEN given in glosses, but no single example including a genitive modifier exists","kûn as GEN, kun as dative marker? Then its Possessor-GEN and Cutfield misglossed, which seems likely at this point"
ORDEN DE PALABRAS,orden básico de palabras en la lengua,"Indicar el tipo de orden básico de constituyentes en oraciones declarativas a partir de la lista de opciones ofrecidas. ""no hay orden básico puede registrarse para los casos en los que se indica orden flexible o prágmáticamente orientado",no hay orden básico,2,Capell 1962:124,,no hay orden básico,2,Cutfield 2011:113,“few if any constraints on word order”,
CATEGORÍAS VERBALES,existe evidencia de concordancia entre el verbo y alguno de sus argumentos ,Sí = 1 ; No = 0,1,2,Capell 1962:102,,1,2,Cutfield 2011:31,“Core grammatical functions are indexed as pronominal proclitics on the verb”,
CATEGORÍAS NOMINALES,existe evidencia de concordancia entre el nombre y su adjetivo,Sí = 1 ; No = 0,,,,no plural discussed with adjectives,,,,"not discussed, maybe not even adjectives in this language",
