CATEGORIA,CARACTERISTICA,indicaciones para el dodificador,Estado 1,certeza: 1: los datos no son conclusivos; 2: los datos son conclusivos,REFERENCIA,Comentarios,Estado 2,certeza: 1: los datos no son conclusivos; 2: los datos son conclusivos,REFERENCIA,Comentarios
SISTEMA PRONOMINAL,"Número de distinciones formales (léxicas/morfológicas) en la primera persona (género, número, inclusivo-exclusivo, etc.)","contar el número total de formas pronominales correspondientes (no contar las variaciones de caso asociadas a los pronombres) y codificar un número natural. Si no existe ninguna forma, indicar 0 y dejar la columna de certeza en blanco",3,2,Maingard 1937:244,incl/excl,3,2,Collins 2011:26,
SISTEMA PRONOMINAL,"Número de distinciones formales (léxicas/morfológicas) en la segunda persona (género, número, politeness, etc.)","contar el número total de formas pronominales correspondientes (no contar las variaciones de caso asociadas a los pronombres) y codificar un número natural. Si no existe ninguna forma, indicar 0 y dejar la columna de certeza en blanco",2,2,Maingard 1937:244,,2,2,Collins 2011:26,
SISTEMA PRONOMINAL,"Número de distinciones formales (léxicas/morfológicas) en la tercera persona (género, número, obviativo-proximativo, etc.)","contar el número total de formas pronominales correspondientes (no contar las variaciones de caso asociadas a los pronombres) y codificar un número natural. Si no existe ninguna forma, indicar 0 y dejar la columna de certeza en blanco",2,1,Maingard 1937:244,non-human form not analyzed by Maingard,3,2,Collins 2011:26,Extra non-human form
CATEGORÍAS NOMINALES,Número total de casos gramaticales,"Si la lengua tiene una categoría de caso, consignar el número total de casos nominales listados en la gramatica como un número natural. Comprende casos nucleares y oblicuos, si la ausencia de caso tiene una interpretación (caso no marcado) se cuenta. Si la lengua no tiene caso nominal, indicar 0 y dejar en blanco la columna de certeza",1,1,Maingard 1937:263,there is one example which includes the dative pronoun form given by Collins for a ditransitive sentence,1,2,Collins 2011:33,Sooooo there are obliques but Maingard does not analyze them; there is at least a dative and various postpositions
CATEGORÍAS NOMINALES,Número total de demostrativos espaciales,"Si la lengua tiene demostrativos espaciales, deicticos, consignar el número total de demostrativos espaciales listados en la gramatica como un número natural. Si la lengua no tiene demostrativos espaciales, indicar 0 y dejar en blanco la columna de certeza",2,2,Maingard 1937:242,,2,2,Collins 2011:36,kai and a
CATEGORÍAS NOMINALES,Existe evidencia de clasificadores numerales,Sí = 1 ; No = 0,0,2,,,0,2,Collins 2011:41,
CATEGORÍAS NOMINALES,Existe evidencia de clasificadores genitivos,Sí = 1 ; No = 0,0,2,,,0,2,,
CATEGORÍAS NOMINALES,Existe evidencia de clases nominales / géneros,Sí = 1 ; No = 0,0,2,Maingard 1937:239,,0,2,Collins 2011:26,"“There are no gender distinctions in Nluuki, “"
CATEGORÍAS NOMINALES,La lengua distingue morfológicamente instrumental de comitativo,Sí = 1 ; No = 0,0,2,,,0,2,Collins 2011:25,same preposition is used for both
CATEGORÍAS NOMINALES,La lengua distingue morfológicamente posesion alienable de posesion inalienable,Sí = 1 ; No = 0,,,,,,,,
CATEGORÍAS NOMINALES,La lengua distingue morfológicamente locativo (en) de direccional (a/hacia),Sí = 1 ; No = 0,,,,,0,2,Collins 2011:53,"direction is encoded by serial verbs, not in satellites"
CATEGORÍAS NOMINALES,La lengua distingue morfológicamente locativo espacial de locativo temporal,Sí = 1 ; No = 0,,,,not discussed,,,,not discussed
CATEGORÍAS NOMINALES,La lengua distingue morfológicamente los dos objetos de una construccion ditransitiva,Sí = 1 ; No = 0,1,1,Maingard 1937:263,there is one example which includes the dative pronoun form given by Collins for a ditransitive sentence,1,2,Collins 2011:48,"dative marker, but core cases are not marked"
RELACIONES GRAMATICALES,"La lengua marca las funciones gramaticales de las FN (S, A, P) mediante caso",Sí = 1 ; No = 0,0,2,Maingard 1937:255,no morphological marking of S/O,0,2,Collins 2011:9,no morphological marking of S/O
RELACIONES GRAMATICALES,"La lengua marca las funciones gramaticales de las FN (S, A, P) mediante marcas en el verbo",Sí = 1 ; No = 0,0,2,Maingard 1937:255,no morphological marking of S/O,0,2,Collins 2011:9,no morphological marking of S/O
RELACIONES GRAMATICALES,"La lengua marca las funciones gramaticales de las FN (S, A, P) mediante orden de palabras",Sí = 1 ; No = 0,1,2,Maingard 1937:255,no morphological marking of S/O,1,2,Collins 2011:9,no morphological marking of S/O
RELACIONES GRAMATICALES,Los pronombres muestran un alineamiento de tipo…,"Si la lengua tiene caso, consignar el alineamiento de caso de los pronombres. Jerárquico: marcación de objeto y sujeto basados en la jerarquía de persona 1 > 2 > 3. Si la lengua no tiene caso nominal, indicar 0 y dejar en blanco la columna de certeza.",neutro,2,Maingard 1937:244,"“T h e s e are the subject forms. T h e y are also used for the object,”",neutro,2,Collins 2011:29,“Object pronouns are the same morphologically as subject pronouns. “
RELACIONES GRAMATICALES,Los nombres muestran un alineamiento de tipo…,"Si la lengua tiene caso, consignar el alineamiento de caso de los nombres. Jerárquico: marcación de objeto y sujeto basados en la jerarquía de persona 1 > 2 > 3. Si la lengua no tiene caso nominal, indicar 0 y dejar en blanco la columna de certeza.",neutro,2,,,neutro,2,Collins 2011:9,
CATEGORÍAS VERBALES,Número de marcas morfológicas de tiempo y aspecto,"Consignar el número total de marcadores de tiempo y aspecto en la lengua y consignar un número natural. Si la lengua no tiene estos marcadores, entonces consignar 0 y dejar en blanco la columna de certeza",2,1,Maingard 1937:248,"two tense auxiliaries (present + fut), aspect rhough verb compounds?",3,2,Collins 2011:10,"Tense analyzed in a similar fashion, but Past is analyzed whereas absent with Maingard"
CATEGORÍAS VERBALES,Número de marcas morfológicas de evidencialidad ,"Consignar el número total de marcadores de evidencialidad en la lengua y consignar un número natural. Si la lengua no tiene estos marcadores, entonces consignar 0 y dejar en blanco la columna de certeza",0,,,,0,,,
CATEGORÍAS VERBALES,El interrogativo se distingue del declarativo mediante,"Indicar si existe una distinción formal entre oraciones indicativas/declarativas e interrogativas a partir de elementos morfológicos, prosódicos o ambos",,,,only pronouns?,,,Collins 2011:62,“We have not yet investigated whether there are intonational differences between declarative clauses and yes-no questions “
CATEGORÍAS VERBALES,Existen causativos morfológicos,Sí = 1 ; No = 0,0,1,,"verb compounding language, so probably not",0,2,Collins 2011:53,"“ Serial verbs are used to express a wide variety of semantic relations, including locatives, causatives and benefactives”"
FONOLOGÍA,número de tonemas en la lengua (si la lengua tiene un rasgo de tono),"Consignar el número total de tonemas en la lengua con un número natural. Si la lengua no tiene tono, consignar 0 y dejar la columna de certeza en blanco",,,,not commented,4,2,Collins 2011:26,at least 4
FONOLOGÍA,número total de consonantes,Consignar el número total de consonantes en la lengua con un número natural. ,,,,not commented,,,,not commented
FONOLOGÍA,número total de vocales,Consignar el número total de vocales en la lengua con un número natural. ,,,,not commented,,,,not commented
FONOLOGÍA,número de vocales nasales,"Consignar el número total de vocales nasales en la lengua con un número natural. Si la lengua no tiene vocales nasales, consignar 0 y dejar la columna de certeza en blanco",,,,not commented,,,,not commented
ORDEN DE PALABRAS,orden relativo entre el adjetivo y el nombre en la frase nominal,"Indicar el orden relativo del nombre y el adjetivo dentro de una frase nominal, seleccionando una de las opciones en la lista despegable",,2,Maingard 1937:255,"head-initial N, some property concepts before the head (Gueldemann, p.c., explaining Maingards analysis); probably no real adjectives as own PoS class",,2,Collins 2011:41,Are there real adjectives? PoS status unclear; head-modifier structure but no adjectives
ORDEN DE PALABRAS,orden relativo entre el modificador genitivo y el nombre en la frase nominal,"Indicar el orden relativo del nombre y el modificador genitivo dentro de una frase nominal, seleccionando una de las opciones de la lista desplegable",GEN N ,2,Maingard 1937:255,old poss particle,GEN N ,2,Collins 2011:38,
ORDEN DE PALABRAS,orden básico de palabras en la lengua,"Indicar el tipo de orden básico de constituyentes en oraciones declarativas a partir de la lista de opciones ofrecidas. ""no hay orden básico puede registrarse para los casos en los que se indica orden flexible o prágmáticamente orientado",SVO ,2,Maingard 1937:255,"a fixed order of the words in t he
sentence is of the utmost importance.",SVO ,2,Collins 2011:9,
CATEGORÍAS VERBALES,existe evidencia de concordancia entre el verbo y alguno de sus argumentos ,Sí = 1 ; No = 0,0,2,Maingard 1937:255,no morphological marking of S/O,0,2,Collins 2011:9,no morphological marking of S/O
CATEGORÍAS NOMINALES,existe evidencia de concordancia entre el nombre y su adjetivo,Sí = 1 ; No = 0,0,2,Maingard 1937:255,no real adjectives,0,2,Collins 2011:40,no real adjectives
