CATEGORIA,CARACTERISTICA,indicaciones para el dodificador,Estado 1,certeza: 1: los datos no son conclusivos; 2: los datos son conclusivos,REFERENCIA,Comentarios,Estado 2,certeza: 1: los datos no son conclusivos; 2: los datos son conclusivos,REFERENCIA,Comentarios
SISTEMA PRONOMINAL,"Número de distinciones formales (léxicas/morfológicas) en la primera persona (género, número, inclusivo-exclusivo, etc.)","contar el número total de formas pronominales correspondientes (no contar las variaciones de caso asociadas a los pronombres) y codificar un número natural. Si no existe ninguna forma, indicar 0 y dejar la columna de certeza en blanco",3,2,Heine 1975:284,,1,2,Beer 2017:146,lost excl./incl.
SISTEMA PRONOMINAL,"Número de distinciones formales (léxicas/morfológicas) en la segunda persona (género, número, politeness, etc.)","contar el número total de formas pronominales correspondientes (no contar las variaciones de caso asociadas a los pronombres) y codificar un número natural. Si no existe ninguna forma, indicar 0 y dejar la columna de certeza en blanco",2,2,Heine 1975:284,,1,2,Beer 2017:146,
SISTEMA PRONOMINAL,"Número de distinciones formales (léxicas/morfológicas) en la tercera persona (género, número, obviativo-proximativo, etc.)","contar el número total de formas pronominales correspondientes (no contar las variaciones de caso asociadas a los pronombres) y codificar un número natural. Si no existe ninguna forma, indicar 0 y dejar la columna de certeza en blanco",2,2,Heine 1975:284,,2,2,Beer 2017:147,known/unknown
CATEGORÍAS NOMINALES,Número total de casos gramaticales,"Si la lengua tiene una categoría de caso, consignar el número total de casos nominales listados en la gramatica como un número natural. Comprende casos nucleares y oblicuos, si la ausencia de caso tiene una interpretación (caso no marcado) se cuenta. Si la lengua no tiene caso nominal, indicar 0 y dejar en blanco la columna de certeza",0,2,Heine 1975:285,"the two cases given (venitive, andative) are actually verbal",0,2,Beer 2017:213,“The most obvious loss in noun morphology in Nyang’i is in the complete (or nearly complete) disappearance of the case marking system.”
CATEGORÍAS NOMINALES,Número total de demostrativos espaciales,"Si la lengua tiene demostrativos espaciales, deicticos, consignar el número total de demostrativos espaciales listados en la gramatica como un número natural. Si la lengua no tiene demostrativos espaciales, indicar 0 y dejar en blanco la columna de certeza",2,2,Heine 1975:283,,2,2,Beer 2017:248,
CATEGORÍAS NOMINALES,Existe evidencia de clasificadores numerales,Sí = 1 ; No = 0,0,2,,,0,2,,
CATEGORÍAS NOMINALES,Existe evidencia de clasificadores genitivos,Sí = 1 ; No = 0,0,2,,,0,2,,
CATEGORÍAS NOMINALES,Existe evidencia de clases nominales / géneros,Sí = 1 ; No = 0,0,2,Heine 1975:282,“kein nominales Klassensystem”,0,2,Beer 2017:48,"“gender, is not operational in the grammar of Nyang’i, “"
CATEGORÍAS NOMINALES,La lengua distingue morfológicamente instrumental de comitativo,Sí = 1 ; No = 0,0,2,Heine 1975:284,,0,2,Beer 2017:56,"“ /ka/, which can be comitative or instrumental.”"
CATEGORÍAS NOMINALES,La lengua distingue morfológicamente posesion alienable de posesion inalienable,Sí = 1 ; No = 0,,,,,0,2,Beer 2017:169,"“For alienably possessed nouns, neither the head nor the dependent is consistently mark”"
CATEGORÍAS NOMINALES,La lengua distingue morfológicamente locativo (en) de direccional (a/hacia),Sí = 1 ; No = 0,0,2,Heine 1975:284,,0,2,Beer 2017:213,"“The most obvious loss in noun morphology in Nyang’i is in the complete (or nearly
complete) disappearance of the case marking system.”"
CATEGORÍAS NOMINALES,La lengua distingue morfológicamente locativo espacial de locativo temporal,Sí = 1 ; No = 0,0,2,Heine 1975:284,,0,2,Beer 2017:213,
CATEGORÍAS NOMINALES,La lengua distingue morfológicamente los dos objetos de una construccion ditransitiva,Sí = 1 ; No = 0,0,2,Heine 1975:285,,0,2,Beer 2017:213,
RELACIONES GRAMATICALES,"La lengua marca las funciones gramaticales de las FN (S, A, P) mediante caso",Sí = 1 ; No = 0,0,2,Heine 1975:285,,0,2,Beer 2017:174,"“core clause arguments are not overtly marked, word order is VAO/VS, and subjects are frequently omitted, grammatical/semantic role ambiguities often occur.”"
RELACIONES GRAMATICALES,"La lengua marca las funciones gramaticales de las FN (S, A, P) mediante marcas en el verbo",Sí = 1 ; No = 0,1,2,Heine 1975:285,,0,2,Beer 2017:174,"“Although Nyang’i has lost pronominal inflection on the verb for the person and number of the subject, it retains a set of free personal pronouns and a set of personal possessive pronouns.”"
RELACIONES GRAMATICALES,"La lengua marca las funciones gramaticales de las FN (S, A, P) mediante orden de palabras",Sí = 1 ; No = 0,1,2,Heine 1975:285,,1,2,Beer 2017:174,
RELACIONES GRAMATICALES,Los pronombres muestran un alineamiento de tipo…,"Si la lengua tiene caso, consignar el alineamiento de caso de los pronombres. Jerárquico: marcación de objeto y sujeto basados en la jerarquía de persona 1 > 2 > 3. Si la lengua no tiene caso nominal, indicar 0 y dejar en blanco la columna de certeza.",neutro,2,Heine 1975:285,same forms for subject and object,neutro,2,Beer 2017:147,
RELACIONES GRAMATICALES,Los nombres muestran un alineamiento de tipo…,"Si la lengua tiene caso, consignar el alineamiento de caso de los nombres. Jerárquico: marcación de objeto y sujeto basados en la jerarquía de persona 1 > 2 > 3. Si la lengua no tiene caso nominal, indicar 0 y dejar en blanco la columna de certeza.",neutro,2,Heine 1975:285,,neutro,2,Beer 2017:213,no case
CATEGORÍAS VERBALES,Número de marcas morfológicas de tiempo y aspecto,"Consignar el número total de marcadores de tiempo y aspecto en la lengua y consignar un número natural. Si la lengua no tiene estos marcadores, entonces consignar 0 y dejar en blanco la columna de certeza",3,2,Heine 1975:285,"past tense and future auxiliary, also an habitual aspect",2,2,Beer 2017:5,one past tense and future auxiliary
CATEGORÍAS VERBALES,Número de marcas morfológicas de evidencialidad ,"Consignar el número total de marcadores de evidencialidad en la lengua y consignar un número natural. Si la lengua no tiene estos marcadores, entonces consignar 0 y dejar en blanco la columna de certeza",0,,Heine 1975:285,two directives,0,2,Beer 2017:113,"“If the etymological directional extensions are presumed to still enconde directional information, then certain attested forms suggest that the speaker was confused about which directional extension to use, perhaps suggesting that the directional sense of the extensions is no longer easily accessible to the speaker”"
CATEGORÍAS VERBALES,El interrogativo se distingue del declarativo mediante,"Indicar si existe una distinción formal entre oraciones indicativas/declarativas e interrogativas a partir de elementos morfológicos, prosódicos o ambos",,,,not mentioned,,,,not mentioned
CATEGORÍAS VERBALES,Existen causativos morfológicos,Sí = 1 ; No = 0,0,2,Heine 1975:285,,0,2,Beer 2017:215,"“The entire Proto-Kuliak system of valency-changing derivation has been lost. This includes causative constructions,”"
FONOLOGÍA,número de tonemas en la lengua (si la lengua tiene un rasgo de tono),"Consignar el número total de tonemas en la lengua con un número natural. Si la lengua no tiene tono, consignar 0 y dejar la columna de certeza en blanco",4,2,Heine 1975:282,,0,2,Beer 2017:212,“ The decline of tone in Nyang’i is a case of internally-motivated contraction”
FONOLOGÍA,número total de consonantes,Consignar el número total de consonantes en la lengua con un número natural. ,18,1,Heine 1975:282,,19,2,Beer 2017:20,
FONOLOGÍA,número total de vocales,Consignar el número total de vocales en la lengua con un número natural. ,7,1,Heine 1975:282,,9,2,Beer 2017:27,seems to break down into 5 vowels
FONOLOGÍA,número de vocales nasales,"Consignar el número total de vocales nasales en la lengua con un número natural. Si la lengua no tiene vocales nasales, consignar 0 y dejar la columna de certeza en blanco",0,,,,0,,,
ORDEN DE PALABRAS,orden relativo entre el adjetivo y el nombre en la frase nominal,"Indicar el orden relativo del nombre y el adjetivo dentro de una frase nominal, seleccionando una de las opciones en la lista despegable",N Adj ,2,Heine 1975:284,,N Adj ,2,Beer 2017:5,“nouns are followed by their dependents”
ORDEN DE PALABRAS,orden relativo entre el modificador genitivo y el nombre en la frase nominal,"Indicar el orden relativo del nombre y el modificador genitivo dentro de una frase nominal, seleccionando una de las opciones de la lista desplegable",N GEN ,2,Heine 1975:283,juxtaposicion,N GEN ,2,Beer 2017:167,"no genitive,
Possessum – Possessor"
ORDEN DE PALABRAS,orden básico de palabras en la lengua,"Indicar el tipo de orden básico de constituyentes en oraciones declarativas a partir de la lista de opciones ofrecidas. ""no hay orden básico puede registrarse para los casos en los que se indica orden flexible o prágmáticamente orientado",VSO ,2,Heine 1975:282,,VSO ,2,Beer 2017:174,
CATEGORÍAS VERBALES,existe evidencia de concordancia entre el verbo y alguno de sus argumentos ,Sí = 1 ; No = 0,1,2,Heine 1975:285,,0,2,Beer 2017:174,"“Although Nyang’i has lost pronominal inflection on the verb for the person and number of the subject, it retains a set of free personal pronouns and a set of personal possessive pronouns.”"
CATEGORÍAS NOMINALES,existe evidencia de concordancia entre el nombre y su adjetivo,Sí = 1 ; No = 0,0,2,Heine 1975:284,no evidence of nominal morphology on Adj,0,2,Beer 2017:58,no plural marker possible on adjectives
