CATEGORIA,CARACTERISTICA,indicaciones para el dodificador,Estado 1,certeza: 1: los datos no son conclusivos; 2: los datos son conclusivos,REFERENCIA,Comentarios,Estado 2,certeza: 1: los datos no son conclusivos; 2: los datos son conclusivos,REFERENCIA,Comentarios
SISTEMA PRONOMINAL,"Número de distinciones formales (léxicas/morfológicas) en la primera persona (género, número, inclusivo-exclusivo, etc.)","contar el número total de formas pronominales correspondientes (no contar las variaciones de caso asociadas a los pronombres) y codificar un número natural. Si no existe ninguna forma, indicar 0 y dejar la columna de certeza en blanco", ,,,Esta descripción del Ofaye no presenta información gramatical. Solo fonológica. ,3,2,De Oliveira (197),Dos singulares (masculino y femenino) y una plural.
SISTEMA PRONOMINAL,"Número de distinciones formales (léxicas/morfológicas) en la segunda persona (género, número, politeness, etc.)","contar el número total de formas pronominales correspondientes (no contar las variaciones de caso asociadas a los pronombres) y codificar un número natural. Si no existe ninguna forma, indicar 0 y dejar la columna de certeza en blanco",,,,,3,2,De Oliveira (197),Dos singulares (masculino y femenino) y una plural.
SISTEMA PRONOMINAL,"Número de distinciones formales (léxicas/morfológicas) en la tercera persona (género, número, obviativo-proximativo, etc.)","contar el número total de formas pronominales correspondientes (no contar las variaciones de caso asociadas a los pronombres) y codificar un número natural. Si no existe ninguna forma, indicar 0 y dejar la columna de certeza en blanco",,,,,3,2,De Oliveira (197),Dos singulares (masculino y femenino) y una plural.
CATEGORÍAS NOMINALES,Número total de casos gramaticales,"Si la lengua tiene una categoría de caso, consignar el número total de casos nominales listados en la gramatica como un número natural. Comprende casos nucleares y oblicuos, si la ausencia de caso tiene una interpretación (caso no marcado) se cuenta. Si la lengua no tiene caso nominal, indicar 0 y dejar en blanco la columna de certeza",,,,,,,De Oliveira (197),
CATEGORÍAS NOMINALES,Número total de demostrativos espaciales,"Si la lengua tiene demostrativos espaciales, deicticos, consignar el número total de demostrativos espaciales listados en la gramatica como un número natural. Si la lengua no tiene demostrativos espaciales, indicar 0 y dejar en blanco la columna de certeza",,,,,2,2,De Oliveira (2006: 107-108),Dos demostrativos: uno cercano al emisor y otro lejano tanto del emisor como del receptor de la locución.
CATEGORÍAS NOMINALES,Existe evidencia de clasificadores numerales,Sí = 1 ; No = 0,,,,,1,2,De Oliveira (2006: 1061),Singular y plural
CATEGORÍAS NOMINALES,Existe evidencia de clasificadores genitivos,Sí = 1 ; No = 0,,,,,0,,,
CATEGORÍAS NOMINALES,Existe evidencia de clases nominales / géneros,Sí = 1 ; No = 0,,,,,1,2,De Oliveira (97-105),"Los nombres toman género con el modificador léxico ""hembra"""
CATEGORÍAS NOMINALES,La lengua distingue morfológicamente instrumental de comitativo,Sí = 1 ; No = 0,,,,,1,2,De Oliveira (2006:235),
CATEGORÍAS NOMINALES,La lengua distingue morfológicamente posesion alienable de posesion inalienable,Sí = 1 ; No = 0,,,,,1,2,De Oliveira (97-101),
CATEGORÍAS NOMINALES,La lengua distingue morfológicamente locativo (en) de direccional (a/hacia),Sí = 1 ; No = 0,,,,,1,2,De Oliveira (2006:234),
CATEGORÍAS NOMINALES,La lengua distingue morfológicamente locativo espacial de locativo temporal,Sí = 1 ; No = 0,,,,,,1,,No encuentro datos suficientes. 
CATEGORÍAS NOMINALES,La lengua distingue morfológicamente los dos objetos de una construccion ditransitiva,Sí = 1 ; No = 0,,,,,1,1,De Oliveira (2006:207),El objeto indirecto se marca con cero. 
RELACIONES GRAMATICALES,"La lengua marca las funciones gramaticales de las FN (S, A, P) mediante caso",Sí = 1 ; No = 0,,,,,1,2,De Oliveira (2006:215),La marcación de caso varía en función a la semántica del verbo: verbos de emoción presentan alineamientos distintos a verbos de otras categorías. 
RELACIONES GRAMATICALES,"La lengua marca las funciones gramaticales de las FN (S, A, P) mediante marcas en el verbo",Sí = 1 ; No = 0,,,,,0,,De Oliveira (2006:215),
RELACIONES GRAMATICALES,"La lengua marca las funciones gramaticales de las FN (S, A, P) mediante orden de palabras",Sí = 1 ; No = 0,,,,,1,,,
RELACIONES GRAMATICALES,Los pronombres muestran un alineamiento de tipo…,"Si la lengua tiene caso, consignar el alineamiento de caso de los pronombres. Jerárquico: marcación de objeto y sujeto basados en la jerarquía de persona 1 > 2 > 3. Si la lengua no tiene caso nominal, indicar 0 y dejar en blanco la columna de certeza.",,,,,nominativo-acusativo,2,De Oliveira (2006:167-168),"Los verbos tanto transitivvos como intransitivos no presentan diferencia de marcación en el sujeto. Si hay contraste, por otro lado, entre las marcaciones de los verbos tr e intrs frente a los verbos activos-inactivos. "
RELACIONES GRAMATICALES,Los nombres muestran un alineamiento de tipo…,"Si la lengua tiene caso, consignar el alineamiento de caso de los nombres. Jerárquico: marcación de objeto y sujeto basados en la jerarquía de persona 1 > 2 > 3. Si la lengua no tiene caso nominal, indicar 0 y dejar en blanco la columna de certeza.",,,,,activo-inactivo,2,De Oliveira (2006:215,Activo/Estativo aunque parece haber una situación de intransitividad escindida en función a la semántica de los verbos (2006:216-217)
CATEGORÍAS VERBALES,Número de marcas morfológicas de tiempo y aspecto,"Consignar el número total de marcadores de tiempo y aspecto en la lengua y consignar un número natural. Si la lengua no tiene estos marcadores, entonces consignar 0 y dejar en blanco la columna de certeza",,,,,1,2,De Oliveira (2006:174-180),La lengua solo marca la diferencia perfectivo-imperfectivo. La marca perfectiva es cero mientras que la imperfectiva es -ta. El tiempo se consigna mediante adverbios y otras interrelaciones entre el aspectoy el tiempo en función a la semántica de los verbos. 
CATEGORÍAS VERBALES,Número de marcas morfológicas de evidencialidad ,"Consignar el número total de marcadores de evidencialidad en la lengua y consignar un número natural. Si la lengua no tiene estos marcadores, entonces consignar 0 y dejar en blanco la columna de certeza",,,,,0,,,
CATEGORÍAS VERBALES,El interrogativo se distingue del declarativo mediante,"Indicar si existe una distinción formal entre oraciones indicativas/declarativas e interrogativas a partir de elementos morfológicos, prosódicos o ambos",,,,,0,2,De Oliveira (2006:240-244),La lengua marca las clúauslas interrogativas a partir de una partícula léxica ggeneral y varias partículas del tipo WH question.
CATEGORÍAS VERBALES,Existen causativos morfológicos,Sí = 1 ; No = 0,,,,,0,1,De Oliveira (2006:7),
FONOLOGÍA,número de tonemas en la lengua (si la lengua tiene un rasgo de tono),"Consignar el número total de tonemas en la lengua con un número natural. Si la lengua no tiene tono, consignar 0 y dejar la columna de certeza en blanco",0,,Gudschinsky (1971:1-7),,0,2,De Oliveira (2006:89),
FONOLOGÍA,número total de consonantes,Consignar el número total de consonantes en la lengua con un número natural. ,11,2,Gudschinsky (1971:2),,15,2,De Oliveira (2006:40),
FONOLOGÍA,número total de vocales,Consignar el número total de vocales en la lengua con un número natural. ,6,2,Gudschinsky (1971:2),,6,2,De Oliveira (2006:40),
FONOLOGÍA,número de vocales nasales,"Consignar el número total de vocales nasales en la lengua con un número natural. Si la lengua no tiene vocales nasales, consignar 0 y dejar la columna de certeza en blanco",4,2,Gudschinsky (1971:2),,4,2,De Oliveira (2006:40),
ORDEN DE PALABRAS,orden relativo entre el adjetivo y el nombre en la frase nominal,"Indicar el orden relativo del nombre y el adjetivo dentro de una frase nominal, seleccionando una de las opciones en la lista despegable",,,,,N Adj ,2,De Oliveira (2006:121),
ORDEN DE PALABRAS,orden relativo entre el modificador genitivo y el nombre en la frase nominal,"Indicar el orden relativo del nombre y el modificador genitivo dentro de una frase nominal, seleccionando una de las opciones de la lista desplegable",,,,,GEN N ,2,De Oliveira (2006:120),
ORDEN DE PALABRAS,orden básico de palabras en la lengua,"Indicar el tipo de orden básico de constituyentes en oraciones declarativas a partir de la lista de opciones ofrecidas. ""no hay orden básico puede registrarse para los casos en los que se indica orden flexible o prágmáticamente orientado",,,,,SOV ,2,De Oliveira (2006:205),
CONCORDANCIA,existe evidencia de concordancia entre el verbo y alguno de sus argumentos,Sí = 1 ; No = 0,0,1,,No existen datos,1,2,De Oliveira (2006:162),Concordancia opcional con A.
CONCORDANCIA,existe evidencia de concordancia entre el nombre y su adjetivo,Sí = 1 ; No = 0,0,1,,No existen datos,0,2,De Oliveira (2006:188),Se menciona explícitamente que el adjetivo no presenta ninguna marca de concordancia con el nombre. 
