CATEGORIA,CARACTERISTICA,indicaciones para el dodificador,Estado 1,certeza: 1: los datos no son conclusivos; 2: los datos son conclusivos,REFERENCIA,Comentarios,Estado 2,certeza: 1: los datos no son conclusivos; 2: los datos son conclusivos,REFERENCIA,Comentarios
SISTEMA PRONOMINAL,"Número de distinciones formales (léxicas/morfológicas) en la primera persona (género, número, inclusivo-exclusivo, etc.)","contar el número total de formas pronominales correspondientes (no contar las variaciones de caso asociadas a los pronombres) y codificar un número natural. Si no existe ninguna forma, indicar 0 y dejar la columna de certeza en blanco",15,1,Zeisberger (1888:14),2 formas libres y 13 formas que aparentemente hacen parte del paradigma flexivo pronominal.,3,1,Chafe (1970),Inferencia a partir de los ejemplos. No se ofrece ningún paradigma pronominal claro.
SISTEMA PRONOMINAL,"Número de distinciones formales (léxicas/morfológicas) en la segunda persona (género, número, politeness, etc.)","contar el número total de formas pronominales correspondientes (no contar las variaciones de caso asociadas a los pronombres) y codificar un número natural. Si no existe ninguna forma, indicar 0 y dejar la columna de certeza en blanco",14,1,Zeisberger (1888:14),2 formas libres y 12 formas que aparentemente hacen parte del paradigma flexivo.,2,,Chafe (1970),Inferencia a partir de los ejemplos. No se ofrece ningún paradigma pronominal claro.
SISTEMA PRONOMINAL,"Número de distinciones formales (léxicas/morfológicas) en la tercera persona (género, número, obviativo-proximativo, etc.)","contar el número total de formas pronominales correspondientes (no contar las variaciones de caso asociadas a los pronombres) y codificar un número natural. Si no existe ninguna forma, indicar 0 y dejar la columna de certeza en blanco",28,1,Zeisberger (1888:14),6 formas libres y 22 formas que parecen hacer parte del paradigma de flexión pronominal.,4,1,Chafe (1970),"Ella, El, Ellos dual, Ellos plural.Inferencia a partir de los ejemplos. No se ofrece ningún paradigma pronominal claro."
CATEGORÍAS NOMINALES,Número total de casos gramaticales,"Si la lengua tiene una categoría de caso, consignar el número total de casos nominales listados en la gramatica como un número natural. Comprende casos nucleares y oblicuos, si la ausencia de caso tiene una interpretación (caso no marcado) se cuenta. Si la lengua no tiene caso nominal, indicar 0 y dejar en blanco la columna de certeza",2,1,Zeisberger (1888:3),"Si bien no hay flexión de caso,  se consigna una forma vocativa y una ablativa. ",2,1,,Causativo y Dativo
CATEGORÍAS NOMINALES,Número total de demostrativos espaciales,"Si la lengua tiene demostrativos espaciales, deicticos, consignar el número total de demostrativos espaciales listados en la gramatica como un número natural. Si la lengua no tiene demostrativos espaciales, indicar 0 y dejar en blanco la columna de certeza",22,1,Zeisberger (1888:38),Dato sumamente dudoso.,2,1,Chafe (1970:32),
CATEGORÍAS NOMINALES,Existe evidencia de clasificadores numerales,Sí = 1 ; No = 0,1,1,Zeisberger (1888:3),,1,1,Chafe (1970:31),
CATEGORÍAS NOMINALES,Existe evidencia de clasificadores genitivos,Sí = 1 ; No = 0,0,,,,0,,,
CATEGORÍAS NOMINALES,Existe evidencia de clases nominales / géneros,Sí = 1 ; No = 0,1,1,Zeisberger (1888:3),El género es léxico. ,1,1,Chafe (1970:25),
CATEGORÍAS NOMINALES,La lengua distingue morfológicamente instrumental de comitativo,Sí = 1 ; No = 0,,,,,,,,
CATEGORÍAS NOMINALES,La lengua distingue morfológicamente posesion alienable de posesion inalienable,Sí = 1 ; No = 0,,,,,,,,
CATEGORÍAS NOMINALES,La lengua distingue morfológicamente locativo (en) de direccional (a/hacia),Sí = 1 ; No = 0,,,,,,,,
CATEGORÍAS NOMINALES,La lengua distingue morfológicamente locativo espacial de locativo temporal,Sí = 1 ; No = 0,1,1,Zeisberger (1888:38-39),,,,,
CATEGORÍAS NOMINALES,La lengua distingue morfológicamente los dos objetos de una construccion ditransitiva,Sí = 1 ; No = 0,,,,,,,,
RELACIONES GRAMATICALES,"La lengua marca las funciones gramaticales de las FN (S, A, P) mediante caso",Sí = 1 ; No = 0,,,,,,,,
RELACIONES GRAMATICALES,"La lengua marca las funciones gramaticales de las FN (S, A, P) mediante marcas en el verbo",Sí = 1 ; No = 0,,,,,,,,
RELACIONES GRAMATICALES,"La lengua marca las funciones gramaticales de las FN (S, A, P) mediante orden de palabras",Sí = 1 ; No = 0,1,1,,,,,,
RELACIONES GRAMATICALES,Los pronombres muestran un alineamiento de tipo…,"Si la lengua tiene caso, consignar el alineamiento de caso de los pronombres. Jerárquico: marcación de objeto y sujeto basados en la jerarquía de persona 1 > 2 > 3. Si la lengua no tiene caso nominal, indicar 0 y dejar en blanco la columna de certeza.",,,,,,,,
RELACIONES GRAMATICALES,Los nombres muestran un alineamiento de tipo…,"Si la lengua tiene caso, consignar el alineamiento de caso de los nombres. Jerárquico: marcación de objeto y sujeto basados en la jerarquía de persona 1 > 2 > 3. Si la lengua no tiene caso nominal, indicar 0 y dejar en blanco la columna de certeza.",,,,,,,,
CATEGORÍAS VERBALES,Número de marcas morfológicas de tiempo y aspecto,"Consignar el número total de marcadores de tiempo y aspecto en la lengua y consignar un número natural. Si la lengua no tiene estos marcadores, entonces consignar 0 y dejar en blanco la columna de certeza",4,1,Zeisberger (1888:13),"Pasado, presente, futuro y continuativo. Posiblemente haya más marcas pero la descripción no ofrece segmentaciones legibles.",7,1,Chafe (1970:39-40),"Incoativo, iterativo, puntual, pasado, continuativo futuro, aorista"
CATEGORÍAS VERBALES,Número de marcas morfológicas de evidencialidad ,"Consignar el número total de marcadores de evidencialidad en la lengua y consignar un número natural. Si la lengua no tiene estos marcadores, entonces consignar 0 y dejar en blanco la columna de certeza",,,,,,,,
CATEGORÍAS VERBALES,El interrogativo se distingue del declarativo mediante,"Indicar si existe una distinción formal entre oraciones indicativas/declarativas e interrogativas a partir de elementos morfológicos, prosódicos o ambos",0,1,Zeisberger (1888:17),Formas léxicas.,,,,
CATEGORÍAS VERBALES,Existen causativos morfológicos,Sí = 1 ; No = 0,,,,,1,1,Chafe (1970:39-40),
FONOLOGÍA,número de tonemas en la lengua (si la lengua tiene un rasgo de tono),"Consignar el número total de tonemas en la lengua con un número natural. Si la lengua no tiene tono, consignar 0 y dejar la columna de certeza en blanco",0,1,Zeisberger (1888:2),No es claro que no existan vocales nasales. La descripción no permite aseverarlo totalmente. ,,,,
FONOLOGÍA,número total de consonantes,Consignar el número total de consonantes en la lengua con un número natural. ,16,1,Zeisberger (1888:2),"La descripción habla de letras, no de sonidos. ",,,,La descripción no ofrece datos fonológicos procesables ni precisos.
FONOLOGÍA,número total de vocales,Consignar el número total de vocales en la lengua con un número natural. ,5,1,Zeisberger (1888:2),Se consignan solo las cinco vocales del alfabeto latino.,,,,
FONOLOGÍA,número de vocales nasales,"Consignar el número total de vocales nasales en la lengua con un número natural. Si la lengua no tiene vocales nasales, consignar 0 y dejar la columna de certeza en blanco",0,1,Zeisberger (1888:2),No es claro que no existan vocales nasales. La descripción no permite aseverarlo totalmente. ,,,,
ORDEN DE PALABRAS,orden relativo entre el adjetivo y el nombre en la frase nominal,"Indicar el orden relativo del nombre y el adjetivo dentro de una frase nominal, seleccionando una de las opciones en la lista despegable",N Adj ,1,Zeisberger (1888:7),,Adj N ,1,Chafe (1970),Inferencia a aprtir de los ejemplos. Chafe (1970) menciona que las lenguas iroquesas tienden a tener un orden libre. 
ORDEN DE PALABRAS,orden relativo entre el modificador genitivo y el nombre en la frase nominal,"Indicar el orden relativo del nombre y el modificador genitivo dentro de una frase nominal, seleccionando una de las opciones de la lista desplegable",GEN N ,1,Zeisberger (1888:15),,GEN N ,1,Chafe (1970),Inferencia a aprtir de los ejemplos. Chafe (1970) menciona que las lenguas iroquesas tienden a tener un orden libre. 
ORDEN DE PALABRAS,orden básico de palabras en la lengua,"Indicar el tipo de orden básico de constituyentes en oraciones declarativas a partir de la lista de opciones ofrecidas. ""no hay orden básico puede registrarse para los casos en los que se indica orden flexible o prágmáticamente orientado",OVS ,1,,Inferencia a aprtir de los ejemplos. Chafe (1970) menciona que las lenguas iroquesas tienden a tener un orden libre. ,no hay orden básico,1,Chafe (1970),Inferencia a aprtir de los ejemplos. Chafe (1970) menciona que las lenguas iroquesas tienden a tener un orden libre. 
CONCORDANCIA,Existe evidencia de concordancia entre el verbo y alguno de sus argumentos,Sí = 1 ; No = 0,1,1,Zeisberger (1888:18),Concordancia de número,0,,Información insuficiente,
CONCORDANCIA,Existe evidencia de concordancia entre el nombre y su adjetivo,Sí = 1 ; No = 0,1,1,Zeisberger (1888:6),Concordancia en género y número. ,0,,Información insuficiente,
