CATEGORIA,CARACTERISTICA,indicaciones para el dodificador,Estado 1,certeza: 1: los datos no son conclusivos; 2: los datos son conclusivos,REFERENCIA,Comentarios,Estado 2,certeza: 1: los datos no son conclusivos; 2: los datos son conclusivos,REFERENCIA,Comentarios
SISTEMA PRONOMINAL,"Número de distinciones formales (léxicas/morfológicas) en la primera persona (género, número, inclusivo-exclusivo, etc.)","contar el número total de formas pronominales correspondientes (no contar las variaciones de caso asociadas a los pronombres) y codificar un número natural. Si no existe ninguna forma, indicar 0 y dejar la columna de certeza en blanco",3,2,Barnum 1901:69,,3,2,Leer 1990:23,
SISTEMA PRONOMINAL,"Número de distinciones formales (léxicas/morfológicas) en la segunda persona (género, número, politeness, etc.)","contar el número total de formas pronominales correspondientes (no contar las variaciones de caso asociadas a los pronombres) y codificar un número natural. Si no existe ninguna forma, indicar 0 y dejar la columna de certeza en blanco",3,2,Barnum 1901:69,,3,2,Leer 1990:23,
SISTEMA PRONOMINAL,"Número de distinciones formales (léxicas/morfológicas) en la tercera persona (género, número, obviativo-proximativo, etc.)","contar el número total de formas pronominales correspondientes (no contar las variaciones de caso asociadas a los pronombres) y codificar un número natural. Si no existe ninguna forma, indicar 0 y dejar la columna de certeza en blanco",3,2,Barnum 1901:69,,3,2,Leer 1990:23,
CATEGORÍAS NOMINALES,Número total de casos gramaticales,"Si la lengua tiene una categoría de caso, consignar el número total de casos nominales listados en la gramatica como un número natural. Comprende casos nucleares y oblicuos, si la ausencia de caso tiene una interpretación (caso no marcado) se cuenta. Si la lengua no tiene caso nominal, indicar 0 y dejar en blanco la columna de certeza",7,2,Barnum 1901:68,,7,2,Leer 1990:35,"“seven cases: absolutive, relative, locative, allative, ablative, perlative, and similaris. “"
CATEGORÍAS NOMINALES,Número total de demostrativos espaciales,"Si la lengua tiene demostrativos espaciales, deicticos, consignar el número total de demostrativos espaciales listados en la gramatica como un número natural. Si la lengua no tiene demostrativos espaciales, indicar 0 y dejar en blanco la columna de certeza",5,2,Barnum 1901:75,5 proximative levels,5,2,Leer 1990:62,"5 proximative levels, different forms for abs/erg/pl"
CATEGORÍAS NOMINALES,Existe evidencia de clasificadores numerales,Sí = 1 ; No = 0,0,2,,,0,2,,
CATEGORÍAS NOMINALES,Existe evidencia de clasificadores genitivos,Sí = 1 ; No = 0,0,2,,,0,2,,
CATEGORÍAS NOMINALES,Existe evidencia de clases nominales / géneros,Sí = 1 ; No = 0,0,2,Barnum 1901:52,,0,2,,
CATEGORÍAS NOMINALES,La lengua distingue morfológicamente instrumental de comitativo,Sí = 1 ; No = 0,0,1,Barnum 1901:37,"-sum instrumental
no comitative mention/example",0,1,Leer 1990:255,"-suun instrumental, but no example of comitative"
CATEGORÍAS NOMINALES,La lengua distingue morfológicamente posesion alienable de posesion inalienable,Sí = 1 ; No = 0,,,,,,,,
CATEGORÍAS NOMINALES,La lengua distingue morfológicamente locativo (en) de direccional (a/hacia),Sí = 1 ; No = 0,1,2,Barnum 1901:15,,1,2,Leer 1990:60,
CATEGORÍAS NOMINALES,La lengua distingue morfológicamente locativo espacial de locativo temporal,Sí = 1 ; No = 0,0,2,Barnum 1901:14,“Time when is always expressed by the localis.”,0,2,Leer 1990:61,“refer to space or time”
CATEGORÍAS NOMINALES,La lengua distingue morfológicamente los dos objetos de una construccion ditransitiva,Sí = 1 ; No = 0,,,Barnum 1901:205,imposible de sacar esa informacion con la manera de anotación de Barnum,,,,sin informacion sobre eso; dativo?
RELACIONES GRAMATICALES,"La lengua marca las funciones gramaticales de las FN (S, A, P) mediante caso",Sí = 1 ; No = 0,1,2,Barnum 1901:9,,1,2,Leer 1990:116,“The subject of the transitive VP occurs in the relative case. “
RELACIONES GRAMATICALES,"La lengua marca las funciones gramaticales de las FN (S, A, P) mediante marcas en el verbo",Sí = 1 ; No = 0,1,2,Barnum 1901:119,,1,2,Leer 1990:192,
RELACIONES GRAMATICALES,"La lengua marca las funciones gramaticales de las FN (S, A, P) mediante orden de palabras",Sí = 1 ; No = 0,0,2,Barnum 1901:119,,0,2,,
RELACIONES GRAMATICALES,Los pronombres muestran un alineamiento de tipo…,"Si la lengua tiene caso, consignar el alineamiento de caso de los pronombres. Jerárquico: marcación de objeto y sujeto basados en la jerarquía de persona 1 > 2 > 3. Si la lengua no tiene caso nominal, indicar 0 y dejar en blanco la columna de certeza.",ergativo-absolutivo,2,Barnum 1901:68,"some few forms have special ergative forms left, but not all of them",neutro,2,Leer 1990:179,"“With personal pronouns there is no distinction between the absolutive and relative (read: ergative) case. The oblique cases, on the other hand, are formed by adding to the pronominal stem the same forms of the case endings that are added to possessed nouns.
“"
RELACIONES GRAMATICALES,Los nombres muestran un alineamiento de tipo…,"Si la lengua tiene caso, consignar el alineamiento de caso de los nombres. Jerárquico: marcación de objeto y sujeto basados en la jerarquía de persona 1 > 2 > 3. Si la lengua no tiene caso nominal, indicar 0 y dejar en blanco la columna de certeza.",ergativo-absolutivo,2,Barnum 1901:12,,ergativo-absolutivo,2,Leer 1990:122,
CATEGORÍAS VERBALES,Número de marcas morfológicas de tiempo y aspecto,"Consignar el número total de marcadores de tiempo y aspecto en la lengua y consignar un número natural. Si la lengua no tiene estos marcadores, entonces consignar 0 y dejar en blanco la columna de certeza",3,2,Barnum 1901:18,"pres, past+fut+habitual",3,2,"Leer 1990:71, 73",past + habitual + future (p. 83)
CATEGORÍAS VERBALES,Número de marcas morfológicas de evidencialidad ,"Consignar el número total de marcadores de evidencialidad en la lengua y consignar un número natural. Si la lengua no tiene estos marcadores, entonces consignar 0 y dejar en blanco la columna de certeza",0,,,,0,,,
CATEGORÍAS VERBALES,El interrogativo se distingue del declarativo mediante,"Indicar si existe una distinción formal entre oraciones indicativas/declarativas e interrogativas a partir de elementos morfológicos, prosódicos o ambos",morfología,2,Barnum 1901:199,kâ,morfología,2,Leer 1990:17, enclitic -qaa
CATEGORÍAS VERBALES,Existen causativos morfológicos,Sí = 1 ; No = 0,1,2,Barnum 1901:187,,1,2,Leer 1990:193,“postbase” - verb compound?
FONOLOGÍA,número de tonemas en la lengua (si la lengua tiene un rasgo de tono),"Consignar el número total de tonemas en la lengua con un número natural. Si la lengua no tiene tono, consignar 0 y dejar la columna de certeza en blanco",0,,,,0,,,
FONOLOGÍA,número total de consonantes,Consignar el número total de consonantes en la lengua con un número natural. ,71,1,Barnum 1901:4,"without comment, totally unrealiable analysis",18,2,Leer 1990:1,
FONOLOGÍA,número total de vocales,Consignar el número total de vocales en la lengua con un número natural. ,15,1,Barnum 1901:1,,4,2,Leer 1990:2,
FONOLOGÍA,número de vocales nasales,"Consignar el número total de vocales nasales en la lengua con un número natural. Si la lengua no tiene vocales nasales, consignar 0 y dejar la columna de certeza en blanco",0,,,,0,,,
ORDEN DE PALABRAS,orden relativo entre el adjetivo y el nombre en la frase nominal,"Indicar el orden relativo del nombre y el adjetivo dentro de una frase nominal, seleccionando una de las opciones en la lista despegable",,2,Barnum 1901:249,"As the adjective does not appear as a distinct part of speech in Innuit, its place is supplied by various forms of the verb. - Adj N for this construction
",,2,Leer 1990:41,"no real adjectives, but participes built from verbs; maybe stative predicates?"
ORDEN DE PALABRAS,orden relativo entre el modificador genitivo y el nombre en la frase nominal,"Indicar el orden relativo del nombre y el modificador genitivo dentro de una frase nominal, seleccionando una de las opciones de la lista desplegable",GEN N ,2,Barnum 1901:12,“Of god his message”,GEN N ,2,Leer 1990:253,Possessor-Rel Possessum
ORDEN DE PALABRAS,orden básico de palabras en la lengua,"Indicar el tipo de orden básico de constituyentes en oraciones declarativas a partir de la lista de opciones ofrecidas. ""no hay orden básico puede registrarse para los casos en los que se indica orden flexible o prágmáticamente orientado",,,Barnum 1901:205,"no da frases analizables como ejemplos, solo verbos con formas pronominales",SOV ,2,Leer 1990:91,"“subject first, then the other NPs in the predicate, then the verb. “"
CATEGORÍAS VERBALES,existe evidencia de concordancia entre el verbo y alguno de sus argumentos ,Sí = 1 ; No = 0,1,2,Barnum 1901:119,,1,2,Leer 1990:192,
CATEGORÍAS NOMINALES,existe evidencia de concordancia entre el nombre y su adjetivo,Sí = 1 ; No = 0,,,,no PoS class Adjectives,,,,no PoS class adjectives
