CATEGORIA,CARACTERISTICA,indicaciones para el dodificador,Estado 1,certeza: 1: los datos no son conclusivos; 2: los datos son conclusivos,REFERENCIA,Comentarios,Estado 2,certeza: 1: los datos no son conclusivos; 2: los datos son conclusivos,REFERENCIA,Comentarios
SISTEMA PRONOMINAL,"Número de distinciones formales (léxicas/morfológicas) en la primera persona (género, número, inclusivo-exclusivo, etc.)","contar el número total de formas pronominales correspondientes (no contar las variaciones de caso asociadas a los pronombres) y codificar un número natural. Si no existe ninguna forma, indicar 0 y dejar la columna de certeza en blanco",5,1,Holmer (1954:32),"Singular, Dual, Plural,Exclusivo, Inclusivo. La descripción es incompleta.",6,2,Chafe (2015:31),"1 forma libre. 5 ligadas. En total hay 13 formas alomórfas. Sin embargo, son distintas a las de la gramática del primer estadio. "
SISTEMA PRONOMINAL,"Número de distinciones formales (léxicas/morfológicas) en la segunda persona (género, número, politeness, etc.)","contar el número total de formas pronominales correspondientes (no contar las variaciones de caso asociadas a los pronombres) y codificar un número natural. Si no existe ninguna forma, indicar 0 y dejar la columna de certeza en blanco",3,2,Holmer (1954:32),,4,2,Chafe (2015:31),"1 forma libre, 3 ligadas con sus respectivos alomorfos."
SISTEMA PRONOMINAL,"Número de distinciones formales (léxicas/morfológicas) en la tercera persona (género, número, obviativo-proximativo, etc.)","contar el número total de formas pronominales correspondientes (no contar las variaciones de caso asociadas a los pronombres) y codificar un número natural. Si no existe ninguna forma, indicar 0 y dejar la columna de certeza en blanco",4,2,Holmer (1954:32),"Masculino, no masculino, singular y plural. ",7,2,Chafe (2015:31),"7 funciones, 21 formas contantod todos los alomorfos."
CATEGORÍAS NOMINALES,Número total de casos gramaticales,"Si la lengua tiene una categoría de caso, consignar el número total de casos nominales listados en la gramatica como un número natural. Comprende casos nucleares y oblicuos, si la ausencia de caso tiene una interpretación (caso no marcado) se cuenta. Si la lengua no tiene caso nominal, indicar 0 y dejar en blanco la columna de certeza",0,1,,La lengua no tiene caso gramatical.,0,0,,La lengua no presenta caso nominal. Pero hay marcas diferenciadas para agente y paciente.
CATEGORÍAS NOMINALES,Número total de demostrativos espaciales,"Si la lengua tiene demostrativos espaciales, deicticos, consignar el número total de demostrativos espaciales listados en la gramatica como un número natural. Si la lengua no tiene demostrativos espaciales, indicar 0 y dejar en blanco la columna de certeza",7,1,Holmer (1954:33),El autor menciona que las traducciones (y por ende las clasificaciones semánticas no son claras),3,2,Chafe (2015:119),
CATEGORÍAS NOMINALES,Existe evidencia de clasificadores numerales,Sí = 1 ; No = 0,1,2,,"Singular, Dual, Plural",1,2,Chafe (2015:31),"Dual, Plural,Singular"
CATEGORÍAS NOMINALES,Existe evidencia de clasificadores genitivos,Sí = 1 ; No = 0,0,,,,0,,,
CATEGORÍAS NOMINALES,Existe evidencia de clases nominales / géneros,Sí = 1 ; No = 0,1,2,Holmer (1954:20),,1,,,
CATEGORÍAS NOMINALES,La lengua distingue morfológicamente instrumental de comitativo,Sí = 1 ; No = 0,,,,,,,,
CATEGORÍAS NOMINALES,La lengua distingue morfológicamente posesion alienable de posesion inalienable,Sí = 1 ; No = 0,0,,,"La descripción no consigna diferencia entre alienabilidad e inalineabilidad pero la gramática 2, si. Sin embargo, se plantean ""clases de nombres"" que parecen responder a un ordenamiento alienable-inalienable aunque no se evidencia un tratamiento morfológico distinto. ",1,2,Chafe (2015:89),
CATEGORÍAS NOMINALES,La lengua distingue morfológicamente locativo (en) de direccional (a/hacia),Sí = 1 ; No = 0,1,2,Holmer (1954:38),,1,2,Chafe (2015:74),
CATEGORÍAS NOMINALES,La lengua distingue morfológicamente locativo espacial de locativo temporal,Sí = 1 ; No = 0,1,2,Holmer (1954:53),,1,2,Chafe (2015:127-128),
CATEGORÍAS NOMINALES,La lengua distingue morfológicamente los dos objetos de una construccion ditransitiva,Sí = 1 ; No = 0,,,,,,,,
RELACIONES GRAMATICALES,"La lengua marca las funciones gramaticales de las FN (S, A, P) mediante caso",Sí = 1 ; No = 0,,,,,0,,,
RELACIONES GRAMATICALES,"La lengua marca las funciones gramaticales de las FN (S, A, P) mediante marcas en el verbo",Sí = 1 ; No = 0,1,,,Inferencia a partir de los ejemplos. ,1,,,"No hay caso nominal pero las marcas de A,S y P se ajifan al verbo."
RELACIONES GRAMATICALES,"La lengua marca las funciones gramaticales de las FN (S, A, P) mediante orden de palabras",Sí = 1 ; No = 0,,,,,0,1,,Ejemplos
RELACIONES GRAMATICALES,Los pronombres muestran un alineamiento de tipo…,"Si la lengua tiene caso, consignar el alineamiento de caso de los pronombres. Jerárquico: marcación de objeto y sujeto basados en la jerarquía de persona 1 > 2 > 3. Si la lengua no tiene caso nominal, indicar 0 y dejar en blanco la columna de certeza.",,,,,nominativo-acusativo,,,Ejemplos.
RELACIONES GRAMATICALES,Los nombres muestran un alineamiento de tipo…,"Si la lengua tiene caso, consignar el alineamiento de caso de los nombres. Jerárquico: marcación de objeto y sujeto basados en la jerarquía de persona 1 > 2 > 3. Si la lengua no tiene caso nominal, indicar 0 y dejar en blanco la columna de certeza.",,,,,nominativo-acusativo,2,,Ejemplos
CATEGORÍAS VERBALES,Número de marcas morfológicas de tiempo y aspecto,"Consignar el número total de marcadores de tiempo y aspecto en la lengua y consignar un número natural. Si la lengua no tiene estos marcadores, entonces consignar 0 y dejar en blanco la columna de certeza",19,1,Holmer (1954:35-38),La descripción recoge una  serie de formas entre positivas y negativas. Aquí no se consignan las formas denominadas de 'objeto'.,28,1,Chafe (2015:24-30),"Habitual, estativo, puntual, incoativo, futuro, factitivo. Diversas formas."
CATEGORÍAS VERBALES,Número de marcas morfológicas de evidencialidad ,"Consignar el número total de marcadores de evidencialidad en la lengua y consignar un número natural. Si la lengua no tiene estos marcadores, entonces consignar 0 y dejar en blanco la columna de certeza",0,,,,10,2,Chafe (2015:134),
CATEGORÍAS VERBALES,El interrogativo se distingue del declarativo mediante,"Indicar si existe una distinción formal entre oraciones indicativas/declarativas e interrogativas a partir de elementos morfológicos, prosódicos o ambos",1,2,Holmer (1954),,1,2,Chafe (2015:153),
CATEGORÍAS VERBALES,Existen causativos morfológicos,Sí = 1 ; No = 0,1,,,,1,2,Chafe (2015:63),
FONOLOGÍA,número de tonemas en la lengua (si la lengua tiene un rasgo de tono),"Consignar el número total de tonemas en la lengua con un número natural. Si la lengua no tiene tono, consignar 0 y dejar la columna de certeza en blanco",0,2,Holmer (1954:16),,0,2,Chafe (2015:8),
FONOLOGÍA,número total de consonantes,Consignar el número total de consonantes en la lengua con un número natural. ,10,2,Holmer (1954:16),,15,2,Chafe (2015:10),
FONOLOGÍA,número total de vocales,Consignar el número total de vocales en la lengua con un número natural. ,5,2,Holmer (1954:13),,8,2,Chafe (2015:8),
FONOLOGÍA,número de vocales nasales,"Consignar el número total de vocales nasales en la lengua con un número natural. Si la lengua no tiene vocales nasales, consignar 0 y dejar la columna de certeza en blanco",2,2,Holmer (1954:13),,2,2,Chafe (2015:8),
ORDEN DE PALABRAS,orden relativo entre el adjetivo y el nombre en la frase nominal,"Indicar el orden relativo del nombre y el adjetivo dentro de una frase nominal, seleccionando una de las opciones en la lista despegable",N Adj ,,,Ejemplos,Adj N ,2,Chafe (2015:147),
ORDEN DE PALABRAS,orden relativo entre el modificador genitivo y el nombre en la frase nominal,"Indicar el orden relativo del nombre y el modificador genitivo dentro de una frase nominal, seleccionando una de las opciones de la lista desplegable",GEN N ,1,Holmer (1954:21),,GEN N ,2,Chafe (2015:147),
ORDEN DE PALABRAS,orden básico de palabras en la lengua,"Indicar el tipo de orden básico de constituyentes en oraciones declarativas a partir de la lista de opciones ofrecidas. ""no hay orden básico puede registrarse para los casos en los que se indica orden flexible o prágmáticamente orientado",no hay orden básico,2,Holmer (1954:56),,no hay orden básico,2,Chafe (2015:147),
CONCORDANCIA,Existe evidencia de concordancia entre el verbo y alguno de sus argumentos,Sí = 1 ; No = 0,0,2,Holmer (1954:56),Los argumentos principales se incorporan al verbo. ,0,2,Chafe (2015:23),"Nuevamente, los participantes se incorporan a la raíz verbal. "
CONCORDANCIA,Existe evidencia de concordancia entre el nombre y su adjetivo,Sí = 1 ; No = 0,0,2,Holmer (1954:28),La lengua no presenta adjetivos.,0,2,Chafe (2015:120),Adjective like meanings'
