CATEGORIA,CARACTERISTICA,indicaciones para el dodificador,Estado 1,certeza: 1: los datos no son conclusivos; 2: los datos son conclusivos,REFERENCIA,Comentarios,Estado 2,certeza: 1: los datos no son conclusivos; 2: los datos son conclusivos,REFERENCIA,Comentarios
SISTEMA PRONOMINAL,"Número de distinciones formales (léxicas/morfológicas) en la primera persona (género, número, inclusivo-exclusivo, etc.)","contar el número total de formas pronominales correspondientes (no contar las variaciones de caso asociadas a los pronombres) y codificar un número natural. Si no existe ninguna forma, indicar 0 y dejar la columna de certeza en blanco",3,2,Schermair (1949: 60),"Singular, Plural inclusivo y plural exclusivo. ",4,2,Dahl (2014:108),
SISTEMA PRONOMINAL,"Número de distinciones formales (léxicas/morfológicas) en la segunda persona (género, número, politeness, etc.)","contar el número total de formas pronominales correspondientes (no contar las variaciones de caso asociadas a los pronombres) y codificar un número natural. Si no existe ninguna forma, indicar 0 y dejar la columna de certeza en blanco",2,2,Schermair (1949: 60),,3,2,Dahl (2014:108),
SISTEMA PRONOMINAL,"Número de distinciones formales (léxicas/morfológicas) en la tercera persona (género, número, obviativo-proximativo, etc.)","contar el número total de formas pronominales correspondientes (no contar las variaciones de caso asociadas a los pronombres) y codificar un número natural. Si no existe ninguna forma, indicar 0 y dejar la columna de certeza en blanco",2,2,Schermair (1949: 60),,2,2,Dahl (2014:108),
CATEGORÍAS NOMINALES,Número total de casos gramaticales,"Si la lengua tiene una categoría de caso, consignar el número total de casos nominales listados en la gramatica como un número natural. Comprende casos nucleares y oblicuos, si la ausencia de caso tiene una interpretación (caso no marcado) se cuenta. Si la lengua no tiene caso nominal, indicar 0 y dejar en blanco la columna de certeza",7,1,Schermair (1949: 28),"Genitivo, dativo, acusativo, nominativo, locativo, instrumental, direccional.",3,2,Dahl (2014:114),"Sujeto, objeto y oblícuo."
CATEGORÍAS NOMINALES,Número total de demostrativos espaciales,"Si la lengua tiene demostrativos espaciales, deicticos, consignar el número total de demostrativos espaciales listados en la gramatica como un número natural. Si la lengua no tiene demostrativos espaciales, indicar 0 y dejar en blanco la columna de certeza",7,1,Schermair (1949: 69),,3,2,Dahl (2014:124),
CATEGORÍAS NOMINALES,Existe evidencia de clasificadores numerales,Sí = 1 ; No = 0,0,1,Schermair (1949: 28),,0,2,,
CATEGORÍAS NOMINALES,Existe evidencia de clasificadores genitivos,Sí = 1 ; No = 0,0,,,,1,2,Dahl (2014:123),
CATEGORÍAS NOMINALES,Existe evidencia de clases nominales / géneros,Sí = 1 ; No = 0,1,1,Schermair (1949: 27),Se afijan formas léxicas como 'macho' o 'hembra',0,2,Dahl (2014:109),
CATEGORÍAS NOMINALES,La lengua distingue morfológicamente instrumental de comitativo,Sí = 1 ; No = 0,1,2,Schermair (1949: 31),,,,,
CATEGORÍAS NOMINALES,La lengua distingue morfológicamente posesion alienable de posesion inalienable,Sí = 1 ; No = 0,,,,Cuando se habla de posesión no se evidencia la diferenciación por alienabilidad.,0,2,Dahl (2014:110),"No hay motivos para pensar en la distinción entre alienable e inalienable"""
CATEGORÍAS NOMINALES,La lengua distingue morfológicamente locativo (en) de direccional (a/hacia),Sí = 1 ; No = 0,1,2,Schermair (1949: 31),,,,,
CATEGORÍAS NOMINALES,La lengua distingue morfológicamente locativo espacial de locativo temporal,Sí = 1 ; No = 0,0,,,,,,,
CATEGORÍAS NOMINALES,La lengua distingue morfológicamente los dos objetos de una construccion ditransitiva,Sí = 1 ; No = 0,0,1,Schermair (1949: 164),Se utiliza la misma marca.,1,2,Dahl (2014:109),
RELACIONES GRAMATICALES,"La lengua marca las funciones gramaticales de las FN (S, A, P) mediante caso",Sí = 1 ; No = 0,0,,,Se marcan con elementos libres. ,,,,
RELACIONES GRAMATICALES,"La lengua marca las funciones gramaticales de las FN (S, A, P) mediante marcas en el verbo",Sí = 1 ; No = 0,,,,,,,,
RELACIONES GRAMATICALES,"La lengua marca las funciones gramaticales de las FN (S, A, P) mediante orden de palabras",Sí = 1 ; No = 0,1,1,Schermair (1949: 250),,1,2,Dahl (2014:110),
RELACIONES GRAMATICALES,Los pronombres muestran un alineamiento de tipo…,"Si la lengua tiene caso, consignar el alineamiento de caso de los pronombres. Jerárquico: marcación de objeto y sujeto basados en la jerarquía de persona 1 > 2 > 3. Si la lengua no tiene caso nominal, indicar 0 y dejar en blanco la columna de certeza.",,,,"Parecen seguir el mismo patrón que los nombres. Sin embargo, la descripción no permite asegurar el patrón de marcación.",nominativo-acusativo,2,Dahl (2014:108),
RELACIONES GRAMATICALES,Los nombres muestran un alineamiento de tipo…,"Si la lengua tiene caso, consignar el alineamiento de caso de los nombres. Jerárquico: marcación de objeto y sujeto basados en la jerarquía de persona 1 > 2 > 3. Si la lengua no tiene caso nominal, indicar 0 y dejar en blanco la columna de certeza.",,,,Orden de palabras. ,,2,Dahl (2014:114),No hay marcación en las FN. 
CATEGORÍAS VERBALES,Número de marcas morfológicas de tiempo y aspecto,"Consignar el número total de marcadores de tiempo y aspecto en la lengua y consignar un número natural. Si la lengua no tiene estos marcadores, entonces consignar 0 y dejar en blanco la columna de certeza",7,1,Schermair (1949: 5),,4,1,Dahl (2014:118),Realis-Irealis además de dos circunfijos de pasado con contenido evidencial.
CATEGORÍAS VERBALES,Número de marcas morfológicas de evidencialidad ,"Consignar el número total de marcadores de evidencialidad en la lengua y consignar un número natural. Si la lengua no tiene estos marcadores, entonces consignar 0 y dejar en blanco la columna de certeza",,,,,3,2,Dahl (2014:120),
CATEGORÍAS VERBALES,El interrogativo se distingue del declarativo mediante,"Indicar si existe una distinción formal entre oraciones indicativas/declarativas e interrogativas a partir de elementos morfológicos, prosódicos o ambos",1,2,Schermair (1949: 74),,1,2,Dahl (2014:124),
CATEGORÍAS VERBALES,Existen causativos morfológicos,Sí = 1 ; No = 0,,,,,1,2,Dahl (2014:109),
FONOLOGÍA,número de tonemas en la lengua (si la lengua tiene un rasgo de tono),"Consignar el número total de tonemas en la lengua con un número natural. Si la lengua no tiene tono, consignar 0 y dejar la columna de certeza en blanco",0,,,,0,,,
FONOLOGÍA,número total de consonantes,Consignar el número total de consonantes en la lengua con un número natural. ,20,1,Schermair (1949: 11),,17,2,Dahl (2014:103),
FONOLOGÍA,número total de vocales,Consignar el número total de vocales en la lengua con un número natural. ,14,1,Schermair (1949: 9),,6,1,Dahl (2014:104),"Sin embargo, cada una puede presentar realizaciones nasales, orales, cortas o largas."
FONOLOGÍA,número de vocales nasales,"Consignar el número total de vocales nasales en la lengua con un número natural. Si la lengua no tiene vocales nasales, consignar 0 y dejar la columna de certeza en blanco",10,1,Schermair (1949: 9),,6,1,Dahl (2014:104),No tienen peso fonológico pero si son realizaciones muy comunes. 
ORDEN DE PALABRAS,orden relativo entre el adjetivo y el nombre en la frase nominal,"Indicar el orden relativo del nombre y el adjetivo dentro de una frase nominal, seleccionando una de las opciones en la lista despegable",N Adj ,2,Schermair (1949: 43),,N Adj ,2,,Ejemplos.
ORDEN DE PALABRAS,orden relativo entre el modificador genitivo y el nombre en la frase nominal,"Indicar el orden relativo del nombre y el modificador genitivo dentro de una frase nominal, seleccionando una de las opciones de la lista desplegable",GEN N ,1,Schermair (1949: 28),,ambos,2,Dahl (2014:116),
ORDEN DE PALABRAS,orden básico de palabras en la lengua,"Indicar el tipo de orden básico de constituyentes en oraciones declarativas a partir de la lista de opciones ofrecidas. ""no hay orden básico puede registrarse para los casos en los que se indica orden flexible o prágmáticamente orientado",SOV ,1,Revisión de ejemplos.,,no hay orden básico,2,Dahl (2014:116),Se pueden presentar construcciones SOV y OSV.
CONCORDANCIA,Existe evidencia de concordancia entre el verbo y alguno de sus argumentos,Sí = 1 ; No = 0,1,1,Schermair (1949: 111),,1,2,Dahl (2014:114),
CONCORDANCIA,Existe evidencia de concordancia entre el nombre y su adjetivo,Sí = 1 ; No = 0,0,1,Schermair (1949: 43), La información es confusa. Se dice que el adjetivo no presenta ninguna marca de 'declinación' de género número o caso pero inmediatamente desúpués se sostiene que presenta los mismos 'accidentes gramaticales'.,0,2,Dahl (2014:115),La lengua no tiene adjetivos.
