CATEGORIA,CARACTERISTICA,indicaciones para el dodificador,Estado 1,certeza: 1: los datos no son conclusivos; 2: los datos son conclusivos,REFERENCIA,Comentarios,Estado 2,certeza: 1: los datos no son conclusivos; 2: los datos son conclusivos,REFERENCIA,Comentarios,
SISTEMA PRONOMINAL,"Número de distinciones formales (léxicas/morfológicas) en la primera persona (género, número, inclusivo-exclusivo, etc.)","contar el número total de formas pronominales correspondientes (no contar las variaciones de caso asociadas a los pronombres) y codificar un número natural. Si no existe ninguna forma, indicar 0 y dejar la columna de certeza en blanco",3,2,Heine 1975:274,,2,2,Beer 2009:31,"excl/incl lost, both markers exist but are varied freely without distinction in meaning",
SISTEMA PRONOMINAL,"Número de distinciones formales (léxicas/morfológicas) en la segunda persona (género, número, politeness, etc.)","contar el número total de formas pronominales correspondientes (no contar las variaciones de caso asociadas a los pronombres) y codificar un número natural. Si no existe ninguna forma, indicar 0 y dejar la columna de certeza en blanco",2,2,Heine 1975:274,,2,2,Beer 2009:31,,
SISTEMA PRONOMINAL,"Número de distinciones formales (léxicas/morfológicas) en la tercera persona (género, número, obviativo-proximativo, etc.)","contar el número total de formas pronominales correspondientes (no contar las variaciones de caso asociadas a los pronombres) y codificar un número natural. Si no existe ninguna forma, indicar 0 y dejar la columna de certeza en blanco",2,2,Heine 1975:274,,2,2,Beer 2009:31,,
CATEGORÍAS NOMINALES,Número total de casos gramaticales,"Si la lengua tiene una categoría de caso, consignar el número total de casos nominales listados en la gramatica como un número natural. Comprende casos nucleares y oblicuos, si la ausencia de caso tiene una interpretación (caso no marcado) se cuenta. Si la lengua no tiene caso nominal, indicar 0 y dejar en blanco la columna de certeza",2,1,Heine 1975:270,"leftovers of a tonal system on nouns
venitive and andative locative cases probably didnt manage to distinguish -Vk due to lacking fieldwork",3,2,Beer 2009:29,"“, the /-uk/ locative marker, the /-ok/ instrumentive marker, and the /-a/ goal marker.”",
CATEGORÍAS NOMINALES,Número total de demostrativos espaciales,"Si la lengua tiene demostrativos espaciales, deicticos, consignar el número total de demostrativos espaciales listados en la gramatica como un número natural. Si la lengua no tiene demostrativos espaciales, indicar 0 y dejar en blanco la columna de certeza",3,2,Heine 1975:272,"3 spatial, one of reference
nin, nan, nansn",,,,not discussed,
CATEGORÍAS NOMINALES,Existe evidencia de clasificadores numerales,Sí = 1 ; No = 0,0,2,,,0,2,,,
CATEGORÍAS NOMINALES,Existe evidencia de clasificadores genitivos,Sí = 1 ; No = 0,0,2,,,0,2,,,
CATEGORÍAS NOMINALES,Existe evidencia de clases nominales / géneros,Sí = 1 ; No = 0,0,2,Heine 1975:270,,0,2,,,
CATEGORÍAS NOMINALES,La lengua distingue morfológicamente instrumental de comitativo,Sí = 1 ; No = 0,,,,not discussed,0,1,Beer 2009:29,"only instrumental analyzed, no mention or example with comitative functions",
CATEGORÍAS NOMINALES,La lengua distingue morfológicamente posesion alienable de posesion inalienable,Sí = 1 ; No = 0,,,,not discussed,,,,not discussed,
CATEGORÍAS NOMINALES,La lengua distingue morfológicamente locativo (en) de direccional (a/hacia),Sí = 1 ; No = 0,1,2,Heine 1975:270,"venitive with locative sense, andative with directional",1,2,Beer 2009:29,,
CATEGORÍAS NOMINALES,La lengua distingue morfológicamente locativo espacial de locativo temporal,Sí = 1 ; No = 0,,,,not discussed,,,,"“Our data is insufficient to determine the exact nature of this spatial relationship.
“",
CATEGORÍAS NOMINALES,La lengua distingue morfológicamente los dos objetos de una construccion ditransitiva,Sí = 1 ; No = 0,1,2,"Heine 1975:269, 278",Indirect Object marked with prefix kun-,1,2,Beer 2009:33,dative pronouns with kun-,
RELACIONES GRAMATICALES,"La lengua marca las funciones gramaticales de las FN (S, A, P) mediante caso",Sí = 1 ; No = 0,1,2,Heine 1975:269,leftovers of a tonal system on nouns which is disappearing in favor of rigid word order,0,2,,no leftovers,
RELACIONES GRAMATICALES,"La lengua marca las funciones gramaticales de las FN (S, A, P) mediante marcas en el verbo",Sí = 1 ; No = 0,1,2,Heine 1975:274,"No marking for 3rd person, here, word order takes over",1,2,Beer 2009:11,only 1st and 2nd person,
RELACIONES GRAMATICALES,"La lengua marca las funciones gramaticales de las FN (S, A, P) mediante orden de palabras",Sí = 1 ; No = 0,1,2,Heine 1975:269,"at least for 3rd person;
rigid word order takes over for the tonal distinction of case",1,2,Beer 2009:49,at least for 3rd person,
RELACIONES GRAMATICALES,Los pronombres muestran un alineamiento de tipo…,"Si la lengua tiene caso, consignar el alineamiento de caso de los pronombres. Jerárquico: marcación de objeto y sujeto basados en la jerarquía de persona 1 > 2 > 3. Si la lengua no tiene caso nominal, indicar 0 y dejar en blanco la columna de certeza.",nominativo-acusativo,2,Heine 1975:274,tonal distinction for Subject/object still active,neutro,2,Beer 2009:31,“Sɔ pronouns do not distinguish between nominative and accusative case.”,
RELACIONES GRAMATICALES,Los nombres muestran un alineamiento de tipo…,"Si la lengua tiene caso, consignar el alineamiento de caso de los nombres. Jerárquico: marcación de objeto y sujeto basados en la jerarquía de persona 1 > 2 > 3. Si la lengua no tiene caso nominal, indicar 0 y dejar en blanco la columna de certeza.",nominativo-acusativo,2,Heine 1975:269,leftovers of a tonal system on nouns,neutro,2,Beer 2009:49,,
CATEGORÍAS VERBALES,Número de marcas morfológicas de tiempo y aspecto,"Consignar el número total de marcadores de tiempo y aspecto en la lengua y consignar un número natural. Si la lengua no tiene estos marcadores, entonces consignar 0 y dejar en blanco la columna de certeza",7,2,Heine 1975:276,"futur: ko- past: i- past perfect: ka-; prog: mu-; perfect: mut-
asp: frecuentiv und habitual (-’at, -’i)",3,2,Beer 2009:14,"past: ka-, future: ko-, inchoative -tez","ak- (auxiliary, not counted, the same with Heine; is present in both)"
CATEGORÍAS VERBALES,Número de marcas morfológicas de evidencialidad ,"Consignar el número total de marcadores de evidencialidad en la lengua y consignar un número natural. Si la lengua no tiene estos marcadores, entonces consignar 0 y dejar en blanco la columna de certeza",0,,,no mention,0,,,no mention,
CATEGORÍAS VERBALES,El interrogativo se distingue del declarativo mediante,"Indicar si existe una distinción formal entre oraciones indicativas/declarativas e interrogativas a partir de elementos morfológicos, prosódicos o ambos",prosodia,2,Heine 1975:279,rising tone,prosodia,2,Beer 2009:56,rising,
CATEGORÍAS VERBALES,Existen causativos morfológicos,Sí = 1 ; No = 0,0,2,Heine 1975:278,de-transitivizing suffix,0,1,,not discussed in this quite extensive grammar sketch,
FONOLOGÍA,número de tonemas en la lengua (si la lengua tiene un rasgo de tono),"Consignar el número total de tonemas en la lengua con un número natural. Si la lengua no tiene tono, consignar 0 y dejar la columna de certeza en blanco",4,2,Heine 1975:268,"Both grammatical and lexical means of tonal system: “Die Unterscheidung Tiefton/Hochton hat sowohl im grammatischen als auch im lexikalischen Bereich distinktive Punk­
tion”",0,2,Beer 2009:49,tone is gone,
FONOLOGÍA,número total de consonantes,Consignar el número total de consonantes en la lengua con un número natural. ,22,1,Heine 1975:265,,23,2,Beer 2009:3,"a lot of stops; low frequency, but minimal pairs can be established",
FONOLOGÍA,número total de vocales,Consignar el número total de vocales en la lengua con un número natural. ,8,2,Heine 1975:267,,8,2,Beer 2009:3,,
FONOLOGÍA,número de vocales nasales,"Consignar el número total de vocales nasales en la lengua con un número natural. Si la lengua no tiene vocales nasales, consignar 0 y dejar la columna de certeza en blanco",0,,,,0,,,,
ORDEN DE PALABRAS,orden relativo entre el adjetivo y el nombre en la frase nominal,"Indicar el orden relativo del nombre y el adjetivo dentro de una frase nominal, seleccionando una de las opciones en la lista despegable",,,Heine 1975:273,"no adjectives but stative verbs; lists some adjectives which do not seem to be statives, but then no examles",ambos,2,Beer 2009:50,"“While the literature claims that So has no true adjectives (Carlin 1993), our data indicates that this is not the case”",
ORDEN DE PALABRAS,orden relativo entre el modificador genitivo y el nombre en la frase nominal,"Indicar el orden relativo del nombre y el modificador genitivo dentro de una frase nominal, seleccionando una de las opciones de la lista desplegable",N GEN ,2,Heine 1975:271,juxtaposición Possessum-Possessor,N GEN ,2,Beer 2009:59,,
ORDEN DE PALABRAS,orden básico de palabras en la lengua,"Indicar el tipo de orden básico de constituyentes en oraciones declarativas a partir de la lista de opciones ofrecidas. ""no hay orden básico puede registrarse para los casos en los que se indica orden flexible o prágmáticamente orientado",VSO ,2,Heine 1975:269,,VSO ,2,Beer 2009:49,,
CATEGORÍAS VERBALES,existe evidencia de concordancia entre el verbo y alguno de sus argumentos ,Sí = 1 ; No = 0,1,2,Heine 1975:274,"No marking for 3rd person, here, word order takes over",1,2,Beer 2009:11,only 1st and 2nd person,
CATEGORÍAS NOMINALES,existe evidencia de concordancia entre el nombre y su adjetivo,Sí = 1 ; No = 0,1,,Heine 1975:273,"no adjectives but stative verbs; lists some adjectives which do not seem to be statives, but then no examles",1,2,Beer 2009:50,"one adjectives does take plural morphology, others are stative verbs, others don’t have any morphology",
