CATEGORIA,CARACTERISTICA,indicaciones para el dodificador,Estado 1,certeza: 1: los datos no son conclusivos; 2: los datos son conclusivos,REFERENCIA,Comentarios,Estado 2,certeza: 1: los datos no son conclusivos; 2: los datos son conclusivos,REFERENCIA,Comentarios,,,,,
SISTEMA PRONOMINAL,"Número de distinciones formales (léxicas/morfológicas) en la primera persona (género, número, inclusivo-exclusivo, etc.)","contar el número total de formas pronominales correspondientes (no contar las variaciones de caso asociadas a los pronombres) y codificar un número natural. Si no existe ninguna forma, indicar 0 y dejar la columna de certeza en blanco",4,2,Boas 1911:391,,4,2,Dunn 1979:66,,,,,,
SISTEMA PRONOMINAL,"Número de distinciones formales (léxicas/morfológicas) en la segunda persona (género, número, politeness, etc.)","contar el número total de formas pronominales correspondientes (no contar las variaciones de caso asociadas a los pronombres) y codificar un número natural. Si no existe ninguna forma, indicar 0 y dejar la columna de certeza en blanco",4,2,Boas 1911:391,,4,2,Dunn 1979:66,,,,,,
SISTEMA PRONOMINAL,"Número de distinciones formales (léxicas/morfológicas) en la tercera persona (género, número, obviativo-proximativo, etc.)","contar el número total de formas pronominales correspondientes (no contar las variaciones de caso asociadas a los pronombres) y codificar un número natural. Si no existe ninguna forma, indicar 0 y dejar la columna de certeza en blanco",2,2,Boas 1911:391,,2,2,Dunn 1979:66,,,,,,
CATEGORÍAS NOMINALES,Número total de casos gramaticales,"Si la lengua tiene una categoría de caso, consignar el número total de casos nominales listados en la gramatica como un número natural. Comprende casos nucleares y oblicuos, si la ausencia de caso tiene una interpretación (caso no marcado) se cuenta. Si la lengua no tiene caso nominal, indicar 0 y dejar en blanco la columna de certeza",,,,no discussion of case apart from locative particles (rich prepositional system) but probably presence of an ergative system,2,2,Dunn 1979:66,at least -a (ergative) and -da as “connective” and other weird stuff on page 50 which is argued to be case but does not really show as “canonical” case,,,,,
CATEGORÍAS NOMINALES,Número total de demostrativos espaciales,"Si la lengua tiene demostrativos espaciales, deicticos, consignar el número total de demostrativos espaciales listados en la gramatica como un número natural. Si la lengua no tiene demostrativos espaciales, indicar 0 y dejar en blanco la columna de certeza",3,1,Boas 1911:393,"“I have not succeeded
 in the forms of the
analyzing satisfactorily demonstrative pronoun. “",5,2,Dunn 1979:56,"labelled determiners, but clear spatial reference",,,,,
CATEGORÍAS NOMINALES,Existe evidencia de clasificadores numerales,Sí = 1 ; No = 0,1,2,Boas 1911:363,"human beings, on canous, long objects",1,2,Dunn 1979:38,"same system, humans, humans on caous, long objects",,,,,
CATEGORÍAS NOMINALES,Existe evidencia de clasificadores genitivos,Sí = 1 ; No = 0,0,2,,,0,2,,,,,,,
CATEGORÍAS NOMINALES,Existe evidencia de clases nominales / géneros,Sí = 1 ; No = 0,0,2,,,0,2,,,,,,,
CATEGORÍAS NOMINALES,La lengua distingue morfológicamente instrumental de comitativo,Sí = 1 ; No = 0,0,1,,"instrumental: p. 334
no examples of a special comitative form are given",0,1,,no comitative mentioned,,,,,
CATEGORÍAS NOMINALES,La lengua distingue morfológicamente posesion alienable de posesion inalienable,Sí = 1 ; No = 0,1,2,Boas 1911:392,less marking than for other possession,1,2,Dunn 1979:57,"“ Some kinship terms do not have the na- prefix when they are possessed. This fact implies that some kinsmen are considered, in some way, part of one another.
“",,,,,
CATEGORÍAS NOMINALES,La lengua distingue morfológicamente locativo (en) de direccional (a/hacia),Sí = 1 ; No = 0,1,2,Boas 1911:300,rich prepositional system,1,2,Dunn 1979:43,actually analyzing the clitics as statives,,,,,
CATEGORÍAS NOMINALES,La lengua distingue morfológicamente locativo espacial de locativo temporal,Sí = 1 ; No = 0,1,2,Boas 1911:310,,,,,,,,,,
CATEGORÍAS NOMINALES,La lengua distingue morfológicamente los dos objetos de una construccion ditransitiva,Sí = 1 ; No = 0,0,,,no discussion of case apart from locative particles (rich prepositional system),1,2,Dunn 1979:61,“n indirect object follows the absolutive in the sentence word order. A -da enclitic attaches to the absolutive.”,,,,,
RELACIONES GRAMATICALES,"La lengua marca las funciones gramaticales de las FN (S, A, P) mediante caso",Sí = 1 ; No = 0,,,,no discussion of case apart from locative particles (rich prepositional system),1,2,Dunn 1979:61,,,,,,
RELACIONES GRAMATICALES,"La lengua marca las funciones gramaticales de las FN (S, A, P) mediante marcas en el verbo",Sí = 1 ; No = 0,1,2,Boas 1911:384,,1,2,Dunn 1979:62,ergative alignment,,,,,
RELACIONES GRAMATICALES,"La lengua marca las funciones gramaticales de las FN (S, A, P) mediante orden de palabras",Sí = 1 ; No = 0,0,2,Boas 1911:384,,0,2,Dunn 1979:62,,,,,,
RELACIONES GRAMATICALES,Los pronombres muestran un alineamiento de tipo…,"Si la lengua tiene caso, consignar el alineamiento de caso de los pronombres. Jerárquico: marcación de objeto y sujeto basados en la jerarquía de persona 1 > 2 > 3. Si la lengua no tiene caso nominal, indicar 0 y dejar en blanco la columna de certeza.",ergativo-absolutivo,2,Boas 1911:391,,ergativo-absolutivo,2,Dunn 1979:66,,,,,,
RELACIONES GRAMATICALES,Los nombres muestran un alineamiento de tipo…,"Si la lengua tiene caso, consignar el alineamiento de caso de los nombres. Jerárquico: marcación de objeto y sujeto basados en la jerarquía de persona 1 > 2 > 3. Si la lengua no tiene caso nominal, indicar 0 y dejar en blanco la columna de certeza.",,,,no discussion of nominal case apart from locative particles (rich prepositional system),ergativo-absolutivo,2,Dunn 1979:61,,,,,,
CATEGORÍAS VERBALES,Número de marcas morfológicas de tiempo y aspecto,"Consignar el número total de marcadores de tiempo y aspecto en la lengua y consignar un número natural. Si la lengua no tiene estos marcadores, entonces consignar 0 y dejar en blanco la columna de certeza",5,1,Boas 1911: 401,extensive analysis in old questionnaire,9,2,Dunn 1979:59,a lot of aspectual affixes which Boas did not recognize,,,,,
CATEGORÍAS VERBALES,Número de marcas morfológicas de evidencialidad ,"Consignar el número total de marcadores de evidencialidad en la lengua y consignar un número natural. Si la lengua no tiene estos marcadores, entonces consignar 0 y dejar en blanco la columna de certeza",0,,,,0,,,,,,,,
CATEGORÍAS VERBALES,El interrogativo se distingue del declarativo mediante,"Indicar si existe una distinción formal entre oraciones indicativas/declarativas e interrogativas a partir de elementos morfológicos, prosódicos o ambos",morfología,2,Boas 1911: 405,,morfología,2,Dunn 1979:70,"same affix -i is used in examples as with Boas, but Dunn does not mention it",,,,,
CATEGORÍAS VERBALES,Existen causativos morfológicos,Sí = 1 ; No = 0,1,2,Boas 1911: 344,,1,2,Dunn 1979:34,,,,,,
FONOLOGÍA,número de tonemas en la lengua (si la lengua tiene un rasgo de tono),"Consignar el número total de tonemas en la lengua con un número natural. Si la lengua no tiene tono, consignar 0 y dejar la columna de certeza en blanco",0,,,,0,,,,,,,,3
FONOLOGÍA,número total de consonantes,Consignar el número total de consonantes en la lengua con un número natural. ,24,1,Boas 1911: 289,,17,1,Dunn 1979:1,40 alphabetical symbols,,,,,
FONOLOGÍA,número total de vocales,Consignar el número total de vocales en la lengua con un número natural. ,20,1,Boas 1911: 289,also 20 vowel qualities…,24,1,Dunn 1979:1,"5 letters, all vary to:
short, falling, interrupts, long; 24 vowels? nop",,,,,
FONOLOGÍA,número de vocales nasales,"Consignar el número total de vocales nasales en la lengua con un número natural. Si la lengua no tiene vocales nasales, consignar 0 y dejar la columna de certeza en blanco",0,,,,0,,,,,,,,
ORDEN DE PALABRAS,orden relativo entre el adjetivo y el nombre en la frase nominal,"Indicar el orden relativo del nombre y el adjetivo dentro de una frase nominal, seleccionando una de las opciones en la lista despegable",Adj N ,2,Boas 1911: 350,"“the adjective always precedes the noun, “",Adj N ,2,Dunn 1979:57,"“Adjectives, like numbers, come before the noun they modify.”",,,,,
ORDEN DE PALABRAS,orden relativo entre el modificador genitivo y el nombre en la frase nominal,"Indicar el orden relativo del nombre y el modificador genitivo dentro de una frase nominal, seleccionando una de las opciones de la lista desplegable",N GEN ,2,Boas 1911: 353,,N GEN ,2,Dunn 1979:57,“Possession is shown by placing the possessor noun after the noun that is owned.”,,,,,
ORDEN DE PALABRAS,orden básico de palabras en la lengua,"Indicar el tipo de orden básico de constituyentes en oraciones declarativas a partir de la lista de opciones ofrecidas. ""no hay orden básico puede registrarse para los casos en los que se indica orden flexible o prágmáticamente orientado",VSO ,1,Boas 1911: 352,"difficult, because few examples are given (mostly only forms with enclitis), but seems to be VSO from examples on this page",VSO ,2,Dunn 1979:59,,,,,,
CATEGORÍAS VERBALES,existe evidencia de concordancia entre el verbo y alguno de sus argumentos ,Sí = 1 ; No = 0,1,2,Boas 1911:384,,1,2,Dunn 1979:62,ergative alignment,,,,,
CATEGORÍAS NOMINALES,existe evidencia de concordancia entre el nombre y su adjetivo,Sí = 1 ; No = 0,1,1,Boas 1911: 377-385,"not explicitly discussed, but various adjectives in the list of plural morphology (not comparative/superlatives but real plural)",1,2,Dunn 1979:57,“must agree in number with the noun they modify”,,,,,
