CATEGORIA,CARACTERISTICA,indicaciones para el dodificador,Estado 1,certeza: 1: los datos no son conclusivos; 2: los datos son conclusivos,REFERENCIA,Comentarios,Estado 2,certeza: 1: los datos no son conclusivos; 2: los datos son conclusivos,REFERENCIA,Comentarios
SISTEMA PRONOMINAL,"Número de distinciones formales (léxicas/morfológicas) en la primera persona (género, número, inclusivo-exclusivo, etc.)","contar el número total de formas pronominales correspondientes (no contar las variaciones de caso asociadas a los pronombres) y codificar un número natural. Si no existe ninguna forma, indicar 0 y dejar la columna de certeza en blanco",2,2,Jochelson 1905:116,Kolyma dialect is southern,2,2,Maslova 1999:301,
SISTEMA PRONOMINAL,"Número de distinciones formales (léxicas/morfológicas) en la segunda persona (género, número, politeness, etc.)","contar el número total de formas pronominales correspondientes (no contar las variaciones de caso asociadas a los pronombres) y codificar un número natural. Si no existe ninguna forma, indicar 0 y dejar la columna de certeza en blanco",2,2,Jochelson 1905:116,,2,2,Maslova 1999:301,
SISTEMA PRONOMINAL,"Número de distinciones formales (léxicas/morfológicas) en la tercera persona (género, número, obviativo-proximativo, etc.)","contar el número total de formas pronominales correspondientes (no contar las variaciones de caso asociadas a los pronombres) y codificar un número natural. Si no existe ninguna forma, indicar 0 y dejar la columna de certeza en blanco",2,2,Jochelson 1905:116,,2,2,Maslova 1999:301,
CATEGORÍAS NOMINALES,Número total de casos gramaticales,"Si la lengua tiene una categoría de caso, consignar el número total de casos nominales listados en la gramatica como un número natural. Comprende casos nucleares y oblicuos, si la ausencia de caso tiene una interpretación (caso no marcado) se cuenta. Si la lengua no tiene caso nominal, indicar 0 y dejar en blanco la columna de certeza",9,2,Jochelson 1905:105,not counted “temporal” because it does not seem to work as a case; no examples given as well; neither comparatives as they seem to be phrasal; added “predicative” because its form is there (-lek) even though Jochelson did not analyze it ,9,2,Maslova 1999:5,"“Nominative, Predicative, Accusative, Instrumental, Dative, Locative, Ablative, Prolative, and Comitative”"
CATEGORÍAS NOMINALES,Número total de demostrativos espaciales,"Si la lengua tiene demostrativos espaciales, deicticos, consignar el número total de demostrativos espaciales listados en la gramatica como un número natural. Si la lengua no tiene demostrativos espaciales, indicar 0 y dejar en blanco la columna de certeza",2,1,Jochelson 1905:116,"tin, tan",3,2,Maslova 1999:306,"ti,ta, ada"
CATEGORÍAS NOMINALES,Existe evidencia de clasificadores numerales,Sí = 1 ; No = 0,0,2,,,0,2,,
CATEGORÍAS NOMINALES,Existe evidencia de clasificadores genitivos,Sí = 1 ; No = 0,0,2,,,0,2,,
CATEGORÍAS NOMINALES,Existe evidencia de clases nominales / géneros,Sí = 1 ; No = 0,0,2,Jochelson 1905:112,“The Yukaghir language has no grammatical distinc­tion of gender. “,0,2,,
CATEGORÍAS NOMINALES,La lengua distingue morfológicamente instrumental de comitativo,Sí = 1 ; No = 0,1,2,Jochelson 1905:105,two comitatives actually; one instrumental,1,2,Maslova  1999:5,
CATEGORÍAS NOMINALES,La lengua distingue morfológicamente posesion alienable de posesion inalienable,Sí = 1 ; No = 0,,,,,,,,
CATEGORÍAS NOMINALES,La lengua distingue morfológicamente locativo (en) de direccional (a/hacia),Sí = 1 ; No = 0,1,2,Jochelson 1905:106,"“In some cases the locative answers also the question Whither? and expresses motion into an object, while the dative mostly indicates motion toward an object.”",1,2,Maslova 1999:140,"locative can express both motion towards and location, but the dative also expresses direction"
CATEGORÍAS NOMINALES,La lengua distingue morfológicamente locativo espacial de locativo temporal,Sí = 1 ; No = 0,1,2,Jochelson 1905:110,,1,2,Maslova  1999:143,"“In its temporal meaning, the Locative case can express either a particular period of time or a quantity of time (“"
CATEGORÍAS NOMINALES,La lengua distingue morfológicamente los dos objetos de una construccion ditransitiva,Sí = 1 ; No = 0,1,2,Jochelson 1905:108,here are some examples of ditransitive “give”; pronoun bears dative affix,1,2,Maslova  1999:140,dative
RELACIONES GRAMATICALES,"La lengua marca las funciones gramaticales de las FN (S, A, P) mediante caso",Sí = 1 ; No = 0,1,2,Jochelson 1905:107,,1,2,Maslova 1999:5,
RELACIONES GRAMATICALES,"La lengua marca las funciones gramaticales de las FN (S, A, P) mediante marcas en el verbo",Sí = 1 ; No = 0,1,2,Jochelson 1905:123,,1,2,Maslova 1999:184,
RELACIONES GRAMATICALES,"La lengua marca las funciones gramaticales de las FN (S, A, P) mediante orden de palabras",Sí = 1 ; No = 0,0,2,Jochelson 1905:103,,0,2,Maslova 1999:184,
RELACIONES GRAMATICALES,Los pronombres muestran un alineamiento de tipo…,"Si la lengua tiene caso, consignar el alineamiento de caso de los pronombres. Jerárquico: marcación de objeto y sujeto basados en la jerarquía de persona 1 > 2 > 3. Si la lengua no tiene caso nominal, indicar 0 y dejar en blanco la columna de certeza.",nominativo-acusativo,2,Jochelson 1905:117,"“With the exception of a few phonetic peculiarities, the
case-suffixes of pronouns are the same as those of nouns.
“",nominativo-acusativo,2,Maslova 1999:302,
RELACIONES GRAMATICALES,Los nombres muestran un alineamiento de tipo…,"Si la lengua tiene caso, consignar el alineamiento de caso de los nombres. Jerárquico: marcación de objeto y sujeto basados en la jerarquía de persona 1 > 2 > 3. Si la lengua no tiene caso nominal, indicar 0 y dejar en blanco la columna de certeza.",nominativo-acusativo,2,Jochelson 1905:107,some neutral person constellations are found,nominativo-acusativo,2,Maslova 1999:5,
CATEGORÍAS VERBALES,Número de marcas morfológicas de tiempo y aspecto,"Consignar el número total de marcadores de tiempo y aspecto en la lengua y consignar un número natural. Si la lengua no tiene estos marcadores, entonces consignar 0 y dejar en blanco la columna de certeza",3,1,Jochelson 1905:119,Aspect is really not the old men’s strength,8,2,Maslova 1999:221,"at least 2 tense and 6 aspect markers, probably more, especially if we count compounded times"
CATEGORÍAS VERBALES,Número de marcas morfológicas de evidencialidad ,"Consignar el número total de marcadores de evidencialidad en la lengua y consignar un número natural. Si la lengua no tiene estos marcadores, entonces consignar 0 y dejar en blanco la columna de certeza",2,2,Jochelson 1905:128,"evidential hearsay
“perfective” for an action that certainly will take place: first hand",2,2,Maslova 1999:227,"non-future (“perfective”), and inferential (“evidential”); direct citation of Jochelson as well"
CATEGORÍAS VERBALES,El interrogativo se distingue del declarativo mediante,"Indicar si existe una distinción formal entre oraciones indicativas/declarativas e interrogativas a partir de elementos morfológicos, prosódicos o ambos",morfología,2,Jochelson 1905:120," The indefinite has three forms in the indicative mode, a
positive, a negative, and an interrogative.”",morfología,2,Maslova 1999:606,stem alternation for questions with wh-pronouns
CATEGORÍAS VERBALES,Existen causativos morfológicos,Sí = 1 ; No = 0,1,2,Jochelson 1905:131,,1,2,Maslova 1999:182,
FONOLOGÍA,número de tonemas en la lengua (si la lengua tiene un rasgo de tono),"Consignar el número total de tonemas en la lengua con un número natural. Si la lengua no tiene tono, consignar 0 y dejar la columna de certeza en blanco",0,,,,0,,,
FONOLOGÍA,número total de consonantes,Consignar el número total de consonantes en la lengua con un número natural. ,28,1,Jochelson 1905:101,,20,2,Maslova 1999:2,
FONOLOGÍA,número total de vocales,Consignar el número total de vocales en la lengua con un número natural. ,5,1,Jochelson 1905:100,+ short/long contrast,6,2,Maslova 1999:2,
FONOLOGÍA,número de vocales nasales,"Consignar el número total de vocales nasales en la lengua con un número natural. Si la lengua no tiene vocales nasales, consignar 0 y dejar la columna de certeza en blanco",0,,,,0,,,
ORDEN DE PALABRAS,orden relativo entre el adjetivo y el nombre en la frase nominal,"Indicar el orden relativo del nombre y el adjetivo dentro de una frase nominal, seleccionando una de las opciones en la lista despegable",,,Jochelson 1905:112,"The adjective has no special form. Instead of it, par­ticiples and other verbal forms (see §§ 80, 84) are used.",,,Maslova 1999:12,“The most typologically striking feature of the Yukaghir parts-of-speech system is absence of adjectives “
ORDEN DE PALABRAS,orden relativo entre el modificador genitivo y el nombre en la frase nominal,"Indicar el orden relativo del nombre y el modificador genitivo dentro de una frase nominal, seleccionando una de las opciones de la lista desplegable",GEN N ,2,Jochelson 1905:104,,GEN N ,2,Maslova 1999:12,
ORDEN DE PALABRAS,orden básico de palabras en la lengua,"Indicar el tipo de orden básico de constituyentes en oraciones declarativas a partir de la lista de opciones ofrecidas. ""no hay orden básico puede registrarse para los casos en los que se indica orden flexible o prágmáticamente orientado",SOV ,2,Jochelson 1905:107,"“ If used as a direct object, it is put between the subject and the transitive verb,”",SOV ,2,Maslova 1999:12,
CATEGORÍAS VERBALES,existe evidencia de concordancia entre el verbo y alguno de sus argumentos ,Sí = 1 ; No = 0,1,2,Jochelson 1905:123,,1,2,Maslova 1999:184,
CATEGORÍAS NOMINALES,existe evidencia de concordancia entre el nombre y su adjetivo,Sí = 1 ; No = 0,,,Jochelson 1905:112,"The adjective has no special form. Instead of it, par­ticiples and other verbal forms (see §§ 80, 84) are used.",,,Maslova 1999:12,“The most typologically striking feature of the Yukaghir parts-of-speech system is absence of adjectives “
