CATEGORIA,CARACTERISTICA,indicaciones para el dodificador,Estado 1,certeza: 1: los datos no son conclusivos; 2: los datos son conclusivos,REFERENCIA,Comentarios,Estado 2,certeza: 1: los datos no son conclusivos; 2: los datos son conclusivos,REFERENCIA,Comentarios
SISTEMA PRONOMINAL,"Número de distinciones formales (léxicas/morfológicas) en la primera persona (género, número, inclusivo-exclusivo, etc.)","contar el número total de formas pronominales correspondientes (no contar las variaciones de caso asociadas a los pronombres) y codificar un número natural. Si no existe ninguna forma, indicar 0 y dejar la columna de certeza en blanco",2,2,Boas 1917:42,,2,1,Naish 1979:71,no da formas independientes
SISTEMA PRONOMINAL,"Número de distinciones formales (léxicas/morfológicas) en la segunda persona (género, número, politeness, etc.)","contar el número total de formas pronominales correspondientes (no contar las variaciones de caso asociadas a los pronombres) y codificar un número natural. Si no existe ninguna forma, indicar 0 y dejar la columna de certeza en blanco",2,2,Boas 1917:42,,2,1,Naish 1979:71,no da formas independientes
SISTEMA PRONOMINAL,"Número de distinciones formales (léxicas/morfológicas) en la tercera persona (género, número, obviativo-proximativo, etc.)","contar el número total de formas pronominales correspondientes (no contar las variaciones de caso asociadas a los pronombres) y codificar un número natural. Si no existe ninguna forma, indicar 0 y dejar la columna de certeza en blanco",2,2,Boas 1917:44,,2,1,Naish 1979:71,"no da formas independientes, solo ligadas"
CATEGORÍAS NOMINALES,Número total de casos gramaticales,"Si la lengua tiene una categoría de caso, consignar el número total de casos nominales listados en la gramatica como un número natural. Comprende casos nucleares y oblicuos, si la ausencia de caso tiene una interpretación (caso no marcado) se cuenta. Si la lengua no tiene caso nominal, indicar 0 y dejar en blanco la columna de certeza",0,1,,case is not discussed,0,1,Naish 1979:67,only spatial (“situational”) cases discussed
CATEGORÍAS NOMINALES,Número total de demostrativos espaciales,"Si la lengua tiene demostrativos espaciales, deicticos, consignar el número total de demostrativos espaciales listados en la gramatica como un número natural. Si la lengua no tiene demostrativos espaciales, indicar 0 y dejar en blanco la columna de certeza",4,1,Boas 1917:113,four productive dem. pronouns; there are lexicalized traces of a fith element which cannot be reconstructed,4,2,Naish 1979:76,
CATEGORÍAS NOMINALES,Existe evidencia de clasificadores numerales,Sí = 1 ; No = 0,1,2,Boas 1917:93,"“-nax  is used with numerals referring to human beings”
- slaves without this affix",1,2,Naish 1979:104,"same form for humans, but not for other nouns so proably not num.cl?"
CATEGORÍAS NOMINALES,Existe evidencia de clasificadores genitivos,Sí = 1 ; No = 0,0,1,Boas 1917:54,"“The possessive -'a
 is used most frequently to express possession by animals or inanimate objects.
“ - the different possessive correspond to different properties of the possessor, but the form is used for other accounts as well",0,1,Naish 1979:109,"no such classification seems to be established and the corresponding forms “a”, “ac” disappeared from the inventory, only “du” left"
CATEGORÍAS NOMINALES,Existe evidencia de clases nominales / géneros,Sí = 1 ; No = 0,1,2,Boas 1917:23,"“— Immediately preceding the verbal stem are found a number of elements whose original function seems to  have been to indicate the form of the subject or object of the verb. According to mode and other incidents, their forms show certain variations. In most cases the use of these elements is purely formal. “",1,2,Naish 1979:89,Marked on the verb: “verb themes”
CATEGORÍAS NOMINALES,La lengua distingue morfológicamente instrumental de comitativo,Sí = 1 ; No = 0,1,2,"Boas 1917:99, 101","-tc (instr)
-n/tin (com)",0,1,Naish 1979:122,"instrumental j
comitative is argued to be a full word, but the same form also occurs with Boas and it is unclear whether this is indeed the case"
CATEGORÍAS NOMINALES,La lengua distingue morfológicamente posesion alienable de posesion inalienable,Sí = 1 ; No = 0,1,2,Boas 1917:89,marking without suffix -i for inalienable nouns,1,2,Naish 1979:109,"not explicit, but derivable from examples that inalienable possessed nouns also dont take the suffix"
CATEGORÍAS NOMINALES,La lengua distingue morfológicamente locativo (en) de direccional (a/hacia),Sí = 1 ; No = 0,,,,not discussed,,,,not discussed
CATEGORÍAS NOMINALES,La lengua distingue morfológicamente locativo espacial de locativo temporal,Sí = 1 ; No = 0,,,,not discussed,,,,not discussed
CATEGORÍAS NOMINALES,La lengua distingue morfológicamente los dos objetos de una construccion ditransitiva,Sí = 1 ; No = 0,1,2,Boas 1917:111,affix -i,1,1,Naish 1979:68,"a lexical benefactive marker, but its mixed with nominalization and clausal markers"
RELACIONES GRAMATICALES,"La lengua marca las funciones gramaticales de las FN (S, A, P) mediante caso",Sí = 1 ; No = 0,1,2,Boas 1917:99,"What boas describes as passive is actually ergative;
1) only transitive subjects marked
2) no passive reading
3) explains pronoun splits on the verb",1,2,Naish 1979:68,“instrumental”/ergative marker -j; not made explicit however
RELACIONES GRAMATICALES,"La lengua marca las funciones gramaticales de las FN (S, A, P) mediante marcas en el verbo",Sí = 1 ; No = 0,1,2,Boas 1917:42,,1,2,Naish 1979:71,
RELACIONES GRAMATICALES,"La lengua marca las funciones gramaticales de las FN (S, A, P) mediante orden de palabras",Sí = 1 ; No = 0,0,2,Boas 1917:42,,0,2,Naish 1979:71,
RELACIONES GRAMATICALES,Los pronombres muestran un alineamiento de tipo…,"Si la lengua tiene caso, consignar el alineamiento de caso de los pronombres. Jerárquico: marcación de objeto y sujeto basados en la jerarquía de persona 1 > 2 > 3. Si la lengua no tiene caso nominal, indicar 0 y dejar en blanco la columna de certeza.",ergativo-absolutivo,2,Boas 1917:99,"What boas describes as passive is actually ergative;
1) only transitive subjects marked
2) no passive reading",ergativo-absolutivo,2,Naish 1979:68,“instrumental”/ergative marker -j; not made explicit however
RELACIONES GRAMATICALES,Los nombres muestran un alineamiento de tipo…,"Si la lengua tiene caso, consignar el alineamiento de caso de los nombres. Jerárquico: marcación de objeto y sujeto basados en la jerarquía de persona 1 > 2 > 3. Si la lengua no tiene caso nominal, indicar 0 y dejar en blanco la columna de certeza.",ergativo-absolutivo,2,Boas 1917:99,"What boas describes as passive is actually ergative;
1) only transitive subjects marked
2) no passive reading",ergativo-absolutivo,2,Naish 1979:68,“instrumental”/ergative marker -j; not made explicit however
CATEGORÍAS VERBALES,Número de marcas morfológicas de tiempo y aspecto,"Consignar el número total de marcadores de tiempo y aspecto en la lengua y consignar un número natural. Si la lengua no tiene estos marcadores, entonces consignar 0 y dejar en blanco la columna de certeza",7,1,Boas 1917:26,Boas 1917:83,7,1,Naish 1979:91,"El hecho que los dos tienen el mismo monto de T/A-markers no debe esconder que analizan las mismas formas de manera muy distinta, y los dos no analizan algunas que el otro si analiza – ninguna parece confiable"
CATEGORÍAS VERBALES,Número de marcas morfológicas de evidencialidad ,"Consignar el número total de marcadores de evidencialidad en la lengua y consignar un número natural. Si la lengua no tiene estos marcadores, entonces consignar 0 y dejar en blanco la columna de certeza",0,,,,0,,,
CATEGORÍAS VERBALES,El interrogativo se distingue del declarativo mediante,"Indicar si existe una distinción formal entre oraciones indicativas/declarativas e interrogativas a partir de elementos morfológicos, prosódicos o ambos",morfología,2,Boas 1917:120,interrogative particle,morfología,2,Naish 1979:48,question particle
CATEGORÍAS VERBALES,Existen causativos morfológicos,Sí = 1 ; No = 0,1,2,Boas 1917:29,si-,1,2,Naish 1979:88,"not explicit, but derivable from examples;
SIL terminology is weird, the Tlingit verb has 16 “extensors”, one of them is s- with clear causative meaning"
FONOLOGÍA,número de tonemas en la lengua (si la lengua tiene un rasgo de tono),"Consignar el número total de tonemas en la lengua con un número natural. Si la lengua no tiene tono, consignar 0 y dejar la columna de certeza en blanco",2,2,Boas 1917:11,high and low,2,2,Naish 1979:7,"“There are two phonemic tones, high and low”"
FONOLOGÍA,número total de consonantes,Consignar el número total de consonantes en la lengua con un número natural. ,41,1,Boas 1917:9,,42,1,Naish 1979:4,
FONOLOGÍA,número total de vocales,Consignar el número total de vocales en la lengua con un número natural. ,8,2,Boas 1917:10,,8,2,Naish 1979:4,
FONOLOGÍA,número de vocales nasales,"Consignar el número total de vocales nasales en la lengua con un número natural. Si la lengua no tiene vocales nasales, consignar 0 y dejar la columna de certeza en blanco",0,,,,0,,,
ORDEN DE PALABRAS,orden relativo entre el adjetivo y el nombre en la frase nominal,"Indicar el orden relativo del nombre y el adjetivo dentro de una frase nominal, seleccionando una de las opciones en la lista despegable",,,,no adjectives mentioned nor analzyble in his examples; maybe there are not even adjectives as POS class,,,Naish 1979:80,two classes of adjectives? Naish does not mention “adjective” even once but gives “modifiers”
ORDEN DE PALABRAS,orden relativo entre el modificador genitivo y el nombre en la frase nominal,"Indicar el orden relativo del nombre y el modificador genitivo dentro de una frase nominal, seleccionando una de las opciones de la lista desplegable",GEN N ,2,Boas 1917:89,,GEN N ,2,Naish 1979:103,
ORDEN DE PALABRAS,orden básico de palabras en la lengua,"Indicar el tipo de orden básico de constituyentes en oraciones declarativas a partir de la lista de opciones ofrecidas. ""no hay orden básico puede registrarse para los casos en los que se indica orden flexible o prágmáticamente orientado",SOV ,2,Boas 1917:23,,SOV ,2,Naish 1979:43,
CATEGORÍAS VERBALES,existe evidencia de concordancia entre el verbo y alguno de sus argumentos ,Sí = 1 ; No = 0,1,2,Boas 1917:42,,1,2,Naish 1979:71,
CATEGORÍAS NOMINALES,existe evidencia de concordancia entre el nombre y su adjetivo,Sí = 1 ; No = 0,,,,no adjectives mentioned nor analzyble in his examples; maybe there are not even adjectives as POS class,,,Naish 1979:80,two classes of adjectives? Naish does not mention “adjective” even once but gives “modifiers”
