CATEGORIA,CARACTERISTICA,indicaciones para el dodificador,Estado 1,certeza: 1: los datos no son conclusivos; 2: los datos son conclusivos,REFERENCIA,Comentarios,Estado 2,certeza: 1: los datos no son conclusivos; 2: los datos son conclusivos,REFERENCIA,Comentarios
SISTEMA PRONOMINAL,"Número de distinciones formales (léxicas/morfológicas) en la primera persona (género, número, inclusivo-exclusivo, etc.)","contar el número total de formas pronominales correspondientes (no contar las variaciones de caso asociadas a los pronombres) y codificar un número natural. Si no existe ninguna forma, indicar 0 y dejar la columna de certeza en blanco",3,2,Volker 1983:31,incl/excl,3,2,Lindenfelser 2017:109,"""The description of Volker (1989a: 31–32) concerning this matter suggests a systematically distinct use of both forms. The analysis of the recent data, however, indicates a rather unsystematic and inconsistent use of both forms, which might be attributable to an erosion of the system. A relatively consistent use of the inclusive pronoun uns seems to be restricted to the use in dual contexts,"""
SISTEMA PRONOMINAL,"Número de distinciones formales (léxicas/morfológicas) en la segunda persona (género, número, politeness, etc.)","contar el número total de formas pronominales correspondientes (no contar las variaciones de caso asociadas a los pronombres) y codificar un número natural. Si no existe ninguna forma, indicar 0 y dejar la columna de certeza en blanco",2,2,Volker 1983:31,,2,2,Lindenfelser 2017:109,all forms given in examples
SISTEMA PRONOMINAL,"Número de distinciones formales (léxicas/morfológicas) en la tercera persona (género, número, obviativo-proximativo, etc.)","contar el número total de formas pronominales correspondientes (no contar las variaciones de caso asociadas a los pronombres) y codificar un número natural. Si no existe ninguna forma, indicar 0 y dejar la columna de certeza en blanco",3,2,Volker 1983:32,Gender distinction,3,2,Lindenfelser 2017:113,all three forms given in examples
CATEGORÍAS NOMINALES,Número total de casos gramaticales,"Si la lengua tiene una categoría de caso, consignar el número total de casos nominales listados en la gramatica como un número natural. Comprende casos nucleares y oblicuos, si la ausencia de caso tiene una interpretación (caso no marcado) se cuenta. Si la lengua no tiene caso nominal, indicar 0 y dejar en blanco la columna de certeza",0,2,Volker 1983:59,absence of ccase classes does not allow the relatively free word order that is possible in Standard German,0,2,Lindenfelser 2017:104,no case system
CATEGORÍAS NOMINALES,Número total de demostrativos espaciales,"Si la lengua tiene demostrativos espaciales, deicticos, consignar el número total de demostrativos espaciales listados en la gramatica como un número natural. Si la lengua no tiene demostrativos espaciales, indicar 0 y dejar en blanco la columna de certeza",2,2,Volker 1983:35,das. Diese,2,2,Lindenfelser 2017:108,"“das, diese” attested in examples"
CATEGORÍAS NOMINALES,Existe evidencia de clasificadores numerales,Sí = 1 ; No = 0,0,2,,,0,2,Lindenfelser 2017:110,
CATEGORÍAS NOMINALES,Existe evidencia de clasificadores genitivos,Sí = 1 ; No = 0,0,2,,,0,2,Lindenfelser 2017:110,
CATEGORÍAS NOMINALES,Existe evidencia de clases nominales / géneros,Sí = 1 ; No = 0,0,2,Volker 1983:34,no grammatical gender (unlike standard german),0,2,Lindenfelser 2017:110,
CATEGORÍAS NOMINALES,La lengua distingue morfológicamente instrumental de comitativo,Sí = 1 ; No = 0,0,2,Volker 1983:53,same preposition,0,2,Lindenfelser 2017:130,
CATEGORÍAS NOMINALES,La lengua distingue morfológicamente posesion alienable de posesion inalienable,Sí = 1 ; No = 0,0,2,Volker 1983:42,,0,2,Lindenfelser 2017:130,
CATEGORÍAS NOMINALES,La lengua distingue morfológicamente locativo (en) de direccional (a/hacia),Sí = 1 ; No = 0,0,2,Volker 1983:53,same preposition,0,2,Lindenfelser 2017:130,
CATEGORÍAS NOMINALES,La lengua distingue morfológicamente locativo espacial de locativo temporal,Sí = 1 ; No = 0,0,2,Volker 1983:53,same preposition,0,2,Lindenfelser 2017:130,
CATEGORÍAS NOMINALES,La lengua distingue morfológicamente los dos objetos de una construccion ditransitiva,Sí = 1 ; No = 0,0,2,Volker 1983:54,preposition used instead of case marking,0,2,Lindenfelser 2017:130,
RELACIONES GRAMATICALES,"La lengua marca las funciones gramaticales de las FN (S, A, P) mediante caso",Sí = 1 ; No = 0,0,2,Volker 1983:59,absence of ccase classes does not allow the relatively free word order that is possible in Standard German,0,2,Lindenfelser 2017:104,
RELACIONES GRAMATICALES,"La lengua marca las funciones gramaticales de las FN (S, A, P) mediante marcas en el verbo",Sí = 1 ; No = 0,1,2,Volker 1983:36,Only the copula is conjugated,1,2,Lindenfelser 2017:128,copula is conjugated
RELACIONES GRAMATICALES,"La lengua marca las funciones gramaticales de las FN (S, A, P) mediante orden de palabras",Sí = 1 ; No = 0,1,2,Volker 1983:59,absence of ccase classes does not allow the relatively free word order that is possible in Standard German,1,2,Lindenfelser 2017:118,structural homogeneity
RELACIONES GRAMATICALES,Los pronombres muestran un alineamiento de tipo…,"Si la lengua tiene caso, consignar el alineamiento de caso de los pronombres. Jerárquico: marcación de objeto y sujeto basados en la jerarquía de persona 1 > 2 > 3. Si la lengua no tiene caso nominal, indicar 0 y dejar en blanco la columna de certeza.",nominativo-acusativo,2,Volker 1983:33,"only for the first person, otherwise neutro",nominativo-acusativo,2,Lindenfelser 2017:111,"in some cases, but not always"
RELACIONES GRAMATICALES,Los nombres muestran un alineamiento de tipo…,"Si la lengua tiene caso, consignar el alineamiento de caso de los nombres. Jerárquico: marcación de objeto y sujeto basados en la jerarquía de persona 1 > 2 > 3. Si la lengua no tiene caso nominal, indicar 0 y dejar en blanco la columna de certeza.",neutro,2,Volker 1983:33,no case system,neutro,2,Lindenfelser 2017:111,
CATEGORÍAS VERBALES,Número de marcas morfológicas de tiempo y aspecto,"Consignar el número total de marcadores de tiempo y aspecto en la lengua y consignar un número natural. Si la lengua no tiene estos marcadores, entonces consignar 0 y dejar en blanco la columna de certeza",3,2,Volker 1983:42,"past, future, prog",3,2,Lindenfelser 2017:113,"past, future, prog"
CATEGORÍAS VERBALES,Número de marcas morfológicas de evidencialidad ,"Consignar el número total de marcadores de evidencialidad en la lengua y consignar un número natural. Si la lengua no tiene estos marcadores, entonces consignar 0 y dejar en blanco la columna de certeza",0,,,,0,,,
CATEGORÍAS VERBALES,El interrogativo se distingue del declarativo mediante,"Indicar si existe una distinción formal entre oraciones indicativas/declarativas e interrogativas a partir de elementos morfológicos, prosódicos o ambos",prosodia,1,Volker 1983:61,"He writes inflection, but the example indicates only intonation",prosodia,1,Lindenfelser 2017:120,"not discussed, probably also prosodic when no wh-pronoun is given to distinguish from declarative (no special form or word order)"
CATEGORÍAS VERBALES,Existen causativos morfológicos,Sí = 1 ; No = 0,0,2,,"no causative affix in german either, so absence is telling; only passive mentioned for voice",0,2,Lindenfelser 2017:116,Only passive voice and even this is rare
FONOLOGÍA,número de tonemas en la lengua (si la lengua tiene un rasgo de tono),"Consignar el número total de tonemas en la lengua con un número natural. Si la lengua no tiene tono, consignar 0 y dejar la columna de certeza en blanco",0,,,,0,,,
FONOLOGÍA,número total de consonantes,Consignar el número total de consonantes en la lengua con un número natural.,24,1,Volker 1983:22,explicitly debunked by Lindenfelser,19,2,Lindenfelser 2017:100,
FONOLOGÍA,número total de vocales,Consignar el número total de vocales en la lengua con un número natural.,12,1,Volker 1983:19,explicitly debunked by Lindenfelser,5,2,Lindenfelser 2017:100,"""The difference relates to Volker assuming two rows of short vowels with distinct degrees of opening, thus resulting in nine vocal phonemes. However, in the light of the data, his description seems to be untenable. Admittedly, vowels may be realised with a differing degree of opening, but this variation does not seem to be phonologically distinctive; the variants appear in the same distribution"""
FONOLOGÍA,número de vocales nasales,"Consignar el número total de vocales nasales en la lengua con un número natural. Si la lengua no tiene vocales nasales, consignar 0 y dejar la columna de certeza en blanco",0,,,,0,,,
ORDEN DE PALABRAS,orden relativo entre el adjetivo y el nombre en la frase nominal,"Indicar el orden relativo del nombre y el adjetivo dentro de una frase nominal, seleccionando una de las opciones en la lista despegable",Adj N,2,Volker 1983:37,,Adj N,2,Lindenfelser 2017:103,
ORDEN DE PALABRAS,orden relativo entre el modificador genitivo y el nombre en la frase nominal,"Indicar el orden relativo del nombre y el modificador genitivo dentro de una frase nominal, seleccionando una de las opciones de la lista desplegable",ambos,2,Volker 1983:42,"both phrasal ""N of N"" and Possessor-Possessee""",GEN N,1,Lindenfelser 2017:108,"The other construction could be present as well and used in other contexts, only that there is no clear-cut example to attest both"
ORDEN DE PALABRAS,orden básico de palabras en la lengua,"Indicar el tipo de orden básico de constituyentes en oraciones declarativas a partir de la lista de opciones ofrecidas. ""no hay orden básico puede registrarse para los casos en los que se indica orden flexible o prágmáticamente orientado",SVO,2,Volker 1983:50,bot the same as standard german which is verb final,SVO,2,Lindenfelser 2017:103,
CATEGORÍAS VERBALES,existe evidencia de concordancia entre el verbo y alguno de sus argumentos ,Sí = 1 ; No = 0,0,2,Volker 1983:36,Only the copula is conjugated,0,2,Lindenfelser 2017:128,copula is conjugated
CATEGORÍAS NOMINALES,existe evidencia de concordancia entre el nombre y su adjetivo,Sí = 1 ; No = 0,0,2,Volker 1983:31,no nominal morphology (neither case nor number),0,2,Lindenfelser 2017:108,no nominal morphology (neither case nor number)
