CATEGORIA,CARACTERISTICA,indicaciones para el dodificador,Estado 1,certeza: 1: los datos no son conclusivos; 2: los datos son conclusivos,REFERENCIA,Comentarios,Estado 2,certeza: 1: los datos no son conclusivos; 2: los datos son conclusivos,REFERENCIA,Comentarios
SISTEMA PRONOMINAL,"Número de distinciones formales (léxicas/morfológicas) en la primera persona (género, número, inclusivo-exclusivo, etc.)","contar el número total de formas pronominales correspondientes (no contar las variaciones de caso asociadas a los pronombres) y codificar un número natural. Si no existe ninguna forma, indicar 0 y dejar la columna de certeza en blanco",5,2,Kroeber (1907:268),,7,2,Jacobsen (1964: 441-462),5 libres mas dos ligadas. Todas para sujeto. Hay otras marcas para objeto que no se contabilizan aquí.
SISTEMA PRONOMINAL,"Número de distinciones formales (léxicas/morfológicas) en la segunda persona (género, número, politeness, etc.)","contar el número total de formas pronominales correspondientes (no contar las variaciones de caso asociadas a los pronombres) y codificar un número natural. Si no existe ninguna forma, indicar 0 y dejar la columna de certeza en blanco",4,2,Kroeber 1907:268),,6,2,Jacobsen (1964: 441-462),"3 libres, 3 ligadas. Hay otras marcas de objeto que no se contabilizan aquí. "
SISTEMA PRONOMINAL,"Número de distinciones formales (léxicas/morfológicas) en la tercera persona (género, número, obviativo-proximativo, etc.)","contar el número total de formas pronominales correspondientes (no contar las variaciones de caso asociadas a los pronombres) y codificar un número natural. Si no existe ninguna forma, indicar 0 y dejar la columna de certeza en blanco",0,2,Kroeber 1907:268),"Sin embargo, presenta una marca de objeto -a en algunos casos. Si se toma como referencia la gramática 2, el apatrente 0  en verdad corresponde a un salto glotal. ",7,1,Jacobsen (1964: 441-462),"6libres, 1 ligada. Hay otras marcas de objeto que no se contabilizan aquí. "
CATEGORÍAS NOMINALES,Número total de casos gramaticales,"Si la lengua tiene una categoría de caso, consignar el número total de casos nominales listados en la gramatica como un número natural. Comprende casos nucleares y oblicuos, si la ausencia de caso tiene una interpretación (caso no marcado) se cuenta. Si la lengua no tiene caso nominal, indicar 0 y dejar en blanco la columna de certeza",13,1,Kroeber (1907:271),El listado de estas formas no es exahustivo. Hay tres marcas locativas que son formalmente distintas pero cuyo significado parece ser distinto.,5,1,Jacobsen (1964: 502),"Locativo, instrumental, comitativo, ablativo, proximativo."
CATEGORÍAS NOMINALES,Número total de demostrativos espaciales,"Si la lengua tiene demostrativos espaciales, deicticos, consignar el número total de demostrativos espaciales listados en la gramatica como un número natural. Si la lengua no tiene demostrativos espaciales, indicar 0 y dejar en blanco la columna de certeza",6,2,Kroeber (1907:269),,1,1,,Solo una forma (-di) que admite flexión para especificar su significado. 
CATEGORÍAS NOMINALES,Existe evidencia de clasificadores numerales,Sí = 1 ; No = 0,1,,Kroeber (1907:299),,1,2,Jacobsen (1964: 599),
CATEGORÍAS NOMINALES,Existe evidencia de clasificadores genitivos,Sí = 1 ; No = 0,0,,,Sin datos,0,,,Sin datos
CATEGORÍAS NOMINALES,Existe evidencia de clases nominales / géneros,Sí = 1 ; No = 0,0,,,,1,2,Jacobsen (1964: 483),
CATEGORÍAS NOMINALES,La lengua distingue morfológicamente instrumental de comitativo,Sí = 1 ; No = 0,1,2,Kroeber (1907:271),,1,2,Jacobsen (1964: 524),
CATEGORÍAS NOMINALES,La lengua distingue morfológicamente posesion alienable de posesion inalienable,Sí = 1 ; No = 0,,,,,,,,
CATEGORÍAS NOMINALES,La lengua distingue morfológicamente locativo (en) de direccional (a/hacia),Sí = 1 ; No = 0,1,2,Kroeber (1907:271),,1,2,Jacobsen (1964: 564),
CATEGORÍAS NOMINALES,La lengua distingue morfológicamente locativo espacial de locativo temporal,Sí = 1 ; No = 0,1,,Kroeber (1907:271),,,,,No se encuentran datos. 
CATEGORÍAS NOMINALES,La lengua distingue morfológicamente los dos objetos de una construccion ditransitiva,Sí = 1 ; No = 0,,,,No hay datos suficientes.,1,1,Jacobsen (1964: 455),
RELACIONES GRAMATICALES,"La lengua marca las funciones gramaticales de las FN (S, A, P) mediante caso",Sí = 1 ; No = 0,,,,,,,,
RELACIONES GRAMATICALES,"La lengua marca las funciones gramaticales de las FN (S, A, P) mediante marcas en el verbo",Sí = 1 ; No = 0,1,2,Kroeber (1907:270),,1,1,,El caso es marcado en el verbo. 
RELACIONES GRAMATICALES,"La lengua marca las funciones gramaticales de las FN (S, A, P) mediante orden de palabras",Sí = 1 ; No = 0,1,,,,1,,,
RELACIONES GRAMATICALES,Los pronombres muestran un alineamiento de tipo…,"Si la lengua tiene caso, consignar el alineamiento de caso de los pronombres. Jerárquico: marcación de objeto y sujeto basados en la jerarquía de persona 1 > 2 > 3. Si la lengua no tiene caso nominal, indicar 0 y dejar en blanco la columna de certeza.",nominativo-acusativo,1,Kroeber (1907:280),1 y 3 presentan un alineamiento tripartito. 2 presenta un alineamiento nominativo-acusativo. ,nominativo-acusativo,1,,
RELACIONES GRAMATICALES,Los nombres muestran un alineamiento de tipo…,"Si la lengua tiene caso, consignar el alineamiento de caso de los nombres. Jerárquico: marcación de objeto y sujeto basados en la jerarquía de persona 1 > 2 > 3. Si la lengua no tiene caso nominal, indicar 0 y dejar en blanco la columna de certeza.",neutro,,,No hay marcas en el nombre.,neutro,,,"NO hay marcas de A,S y P en el nombre."
CATEGORÍAS VERBALES,Número de marcas morfológicas de tiempo y aspecto,"Consignar el número total de marcadores de tiempo y aspecto en la lengua y consignar un número natural. Si la lengua no tiene estos marcadores, entonces consignar 0 y dejar en blanco la columna de certeza",19,2,Kroeber (1907:290),,13,2,Jacobsen (1964: 606),
CATEGORÍAS VERBALES,Número de marcas morfológicas de evidencialidad ,"Consignar el número total de marcadores de evidencialidad en la lengua y consignar un número natural. Si la lengua no tiene estos marcadores, entonces consignar 0 y dejar en blanco la columna de certeza",,1,Kroeber (1907:290),"Sin embargo, el potencial parece tener usos evidenciales.",4,2,Jacobsen (1964: 606),"Etres niveles; primera mano visual, primera mano auditiva y reportativo. Se incliye un posclítico de ""conjetura"""
CATEGORÍAS VERBALES,El interrogativo se distingue del declarativo mediante,"Indicar si existe una distinción formal entre oraciones indicativas/declarativas e interrogativas a partir de elementos morfológicos, prosódicos o ambos",1,,,,1,2,Jacobsen (1964: 598),
CATEGORÍAS VERBALES,Existen causativos morfológicos,Sí = 1 ; No = 0,1,,Kroeber (1907:271),,1,2,Jacobsen (1964: 584),
FONOLOGÍA,número de tonemas en la lengua (si la lengua tiene un rasgo de tono),"Consignar el número total de tonemas en la lengua con un número natural. Si la lengua no tiene tono, consignar 0 y dejar la columna de certeza en blanco",0,,,,0,,Jacobsen (1964: 52),
FONOLOGÍA,número total de consonantes,Consignar el número total de consonantes en la lengua con un número natural. ,21,2,Kroeber (1907:255),,26,2,Jacobsen (1964: 52),
FONOLOGÍA,número total de vocales,Consignar el número total de vocales en la lengua con un número natural. ,5,1,Kroeber (1907:253),,12,2,Jacobsen (1964: 52),
FONOLOGÍA,número de vocales nasales,"Consignar el número total de vocales nasales en la lengua con un número natural. Si la lengua no tiene vocales nasales, consignar 0 y dejar la columna de certeza en blanco",0,2,Kroeber (1907:253),,0,,Jacobsen (1964: 52),
ORDEN DE PALABRAS,orden relativo entre el adjetivo y el nombre en la frase nominal,"Indicar el orden relativo del nombre y el adjetivo dentro de una frase nominal, seleccionando una de las opciones en la lista despegable",N Adj ,2,Kroeber (1907:299),,N Adj ,2,Jacobsen (1964),
ORDEN DE PALABRAS,orden relativo entre el modificador genitivo y el nombre en la frase nominal,"Indicar el orden relativo del nombre y el modificador genitivo dentro de una frase nominal, seleccionando una de las opciones de la lista desplegable",GEN N ,2,Kroeber (1907:301),,GEN N ,2,Jacobsen (1964),Los paradigmas pronominales y todas los ejemplos de posesión evidencian el orden consignado.
ORDEN DE PALABRAS,orden básico de palabras en la lengua,"Indicar el tipo de orden básico de constituyentes en oraciones declarativas a partir de la lista de opciones ofrecidas. ""no hay orden básico puede registrarse para los casos en los que se indica orden flexible o prágmáticamente orientado",SOV ,2,Kroeber (1907:301),,SOV ,2,Jacobsen (1964),
CONCORDANCIA,existe evidencia de concordancia entre el verbo y alguno de sus argumentos,Sí = 1 ; No = 0,1,2,Kroeber (1907:270),Las relaciones gramaticales se marcan en el verbo.,1,2,Jacobsen (1964: 393),Las relaciones gramaticales se marcan en el verbo.
CONCORDANCIA,existe evidencia de concordancia entre el nombre y su adjetivo,Sí = 1 ; No = 0,0,1,,Los datos no son claros.,0,2,Jacobsen (1964:412),
